Index,Email,Last Name,First Name,Phone 1,Phone 2,Company,City,Country,Subscription Date,Website,Customer Id,,,Index,Email,Last Name,First Name,Phone 1,Phone 2,Company,City,Country,Subscription Date,Website,Customer Id,Name,Missing Phone,Customer ID Length,Formatted Website,,Subscriptions Before 2022
1,zunigavanessa@smith.info,Baxter,Sheryl,229.077.5154,397.884.0519x718,Rasmussen Group,East Leonard,Chile,8/24/20,http://www.stephenson.com/,DD37Cf93aecA6Dc,,,1,zunigavanessa@smith.info,Baxter,Sheryl,229.077.5154,397.884.0519x718,Rasmussen Group,East Leonard,Chile,8/24/2020,http://www.stephenson.com/,DD37Cf93aecA6Dc,Sheryl Baxter,FALSE,15,http://http://www.stephenson.com//,,160
2,vmata@colon.com,Lozano,Preston,5153435776,686-620-1820x944,Vega-Gentry,East Jimmychester,Djibouti,4/23/21,http://www.hobbs.com/,1Ef7b82A4CAAD10,,,2,vmata@colon.com,Lozano,Preston,5153435776,686-620-1820x944,Vega-Gentry,East Jimmychester,Djibouti,4/23/2021,http://www.hobbs.com/,1Ef7b82A4CAAD10,Preston Lozano,FALSE,15,http://http://www.hobbs.com//,,
3,beckycarr@hogan.com,Berry,Roy,-1199,(496)978-3969x58947,Murillo-Perry,Isabelborough,Antigua and Barbuda,3/25/20,http://www.lawrence.com/,6F94879bDAfE5a6,,,3,beckycarr@hogan.com,Berry,Roy,-1199,(496)978-3969x58947,Murillo-Perry,Isabelborough,Antigua and Barbuda,3/25/2020,http://www.lawrence.com/,6F94879bDAfE5a6,Roy Berry,FALSE,15,http://http://www.lawrence.com//,,
4,stanleyblackwell@benson.org,Olsen,Linda,001-808-617-6467x12895,-9892,"Dominguez, Mcmillan and Donovan",Bensonview,Dominican Republic,6/2/20,http://www.good-lyons.com/,5Cef8BFA16c5e3c,,,4,stanleyblackwell@benson.org,Olsen,Linda,001-808-617-6467x12895,-9892,"Dominguez, Mcmillan and Donovan",Bensonview,Dominican Republic,6/2/2020,http://www.good-lyons.com/,5Cef8BFA16c5e3c,Linda Olsen,FALSE,15,http://http://www.good-lyons.com//,,
5,colinalvarado@miles.net,Bender,Joanna,001-234-203-0635x76146,001-199-446-3860x3486,"Martin, Lang and Andrade",West Priscilla,Slovakia (Slovak Republic),4/17/21,https://goodwin-ingram.com/,053d585Ab6b3159,,,5,colinalvarado@miles.net,Bender,Joanna,001-234-203-0635x76146,001-199-446-3860x3486,"Martin, Lang and Andrade",West Priscilla,Slovakia (Slovak Republic),4/17/2021,https://goodwin-ingram.com/,053d585Ab6b3159,Joanna Bender,FALSE,15,http://https://goodwin-ingram.com//,,
6,louis27@gilbert.com,Downs,Aimee,(283)437-3886x88321,999-728-1637,Steele Group,Chavezborough,Bosnia and Herzegovina,2/25/20,http://www.berger.net/,2d08FB17EE273F4,,,6,louis27@gilbert.com,Downs,Aimee,(283)437-3886x88321,999-728-1637,Steele Group,Chavezborough,Bosnia and Herzegovina,2/25/2020,http://www.berger.net/,2d08FB17EE273F4,Aimee Downs,FALSE,15,http://http://www.berger.net//,,
7,tgates@cantrell.com,Peck,Darren,(496)452-6181x3291,+1-247-266-0963x4995,"Lester, Woodard and Mitchell",Lake Ana,Pitcairn Islands,8/24/21,https://www.le.com/,EA4d384DfDbBf77,,,7,tgates@cantrell.com,Peck,Darren,(496)452-6181x3291,+1-247-266-0963x4995,"Lester, Woodard and Mitchell",Lake Ana,Pitcairn Islands,8/24/2021,https://www.le.com/,EA4d384DfDbBf77,Darren Peck,FALSE,15,http://https://www.le.com//,,
8,asnow@colon.com,Mullen,Brett,001-583-352-7197x297,001-333-145-0369,"Sanford, Davenport and Giles",Kimport,Bulgaria,4/12/21,https://hammond-ramsey.com/,0e04AFde9f225dE,,,8,asnow@colon.com,Mullen,Brett,001-583-352-7197x297,001-333-145-0369,"Sanford, Davenport and Giles",Kimport,Bulgaria,4/12/2021,https://hammond-ramsey.com/,0e04AFde9f225dE,Brett Mullen,FALSE,15,http://https://hammond-ramsey.com//,,
9,mariokhan@ryan-pope.org,Meyers,Sheryl,854-138-4911x5772,+1-448-910-2276x729,Browning-Simon,Robersonstad,Cyprus,1/13/20,https://www.bullock.net/,C2dE4dEEc489ae0,,,9,mariokhan@ryan-pope.org,Meyers,Sheryl,854-138-4911x5772,+1-448-910-2276x729,Browning-Simon,Robersonstad,Cyprus,1/13/2020,https://www.bullock.net/,C2dE4dEEc489ae0,Sheryl Meyers,FALSE,15,http://https://www.bullock.net//,,
10,mdyer@escobar.net,Gallagher,Michelle,739.218.2516x459,001-054-401-0347x617,Beck-Hendrix,Elaineberg,Timor-Leste,11/8/21,https://arias.com/,8C2811a503C7c5a,,,10,mdyer@escobar.net,Gallagher,Michelle,739.218.2516x459,001-054-401-0347x617,Beck-Hendrix,Elaineberg,Timor-Leste,11/8/2021,https://arias.com/,8C2811a503C7c5a,Michelle Gallagher,FALSE,15,http://https://arias.com//,,
11,kirksalas@webb.com,Schroeder,Carl,637-854-0256x825,114.336.0784x788,"Oconnell, Meza and Everett",Shannonville,Guernsey,10/20/21,https://simmons-hurley.com/,216E205d6eBb815,,,11,kirksalas@webb.com,Schroeder,Carl,637-854-0256x825,114.336.0784x788,"Oconnell, Meza and Everett",Shannonville,Guernsey,10/20/2021,https://simmons-hurley.com/,216E205d6eBb815,Carl Schroeder,FALSE,15,http://https://simmons-hurley.com//,,
12,mark42@robbins.com,Dodson,Jenna,(041)737-3846,+1-556-888-3485x42608,"Hoffman, Reed and Mcclain",East Andrea,Vietnam,11/29/20,http://www.douglas.net/,CEDec94deE6d69B,,,12,mark42@robbins.com,Dodson,Jenna,(041)737-3846,+1-556-888-3485x42608,"Hoffman, Reed and Mcclain",East Andrea,Vietnam,11/29/2020,http://www.douglas.net/,CEDec94deE6d69B,Jenna Dodson,FALSE,15,http://http://www.douglas.net//,,
13,alex56@walls.org,Mata,Tracey,001-949-844-8787,(855)713-8773,Graham-Francis,South Joannamouth,Togo,12/2/21,http://www.beck.com/,e35426EbDEceaFF,,,13,alex56@walls.org,Mata,Tracey,001-949-844-8787,(855)713-8773,Graham-Francis,South Joannamouth,Togo,12/2/2021,http://www.beck.com/,e35426EbDEceaFF,Tracey Mata,FALSE,15,http://http://www.beck.com//,,
14,holdenmiranda@clarke.com,Cox,Kristine,786-284-3358x62152,+1-315-627-1796x8074,Carpenter-Cook,Jodyberg,Sri Lanka,2/8/21,https://www.brandt.com/,A08A8aF8BE9FaD4,,,14,holdenmiranda@clarke.com,Cox,Kristine,786-284-3358x62152,+1-315-627-1796x8074,Carpenter-Cook,Jodyberg,Sri Lanka,2/8/2021,https://www.brandt.com/,A08A8aF8BE9FaD4,Kristine Cox,FALSE,15,http://https://www.brandt.com//,,
15,cassieparrish@blevins-chapman.net,Lutz,Faith,(781)861-7180x8306,207-185-3665,Carter-Hancock,Burchbury,Singapore,1/26/22,http://stevenson.org/,6fEaA1b7cab7B6C,,,15,cassieparrish@blevins-chapman.net,Lutz,Faith,(781)861-7180x8306,207-185-3665,Carter-Hancock,Burchbury,Singapore,1/26/2022,http://stevenson.org/,6fEaA1b7cab7B6C,Faith Lutz,FALSE,15,http://http://stevenson.org//,,
16,vduncan@parks-hardy.com,Beasley,Miranda,540.085.3135x185,+1-600-462-6432x21881,Singleton and Sons,Desireeshire,Oman,4/12/22,http://acosta.org/,8cad0b4CBceaeec,,,16,vduncan@parks-hardy.com,Beasley,Miranda,540.085.3135x185,+1-600-462-6432x21881,Singleton and Sons,Desireeshire,Oman,4/12/2022,http://acosta.org/,8cad0b4CBceaeec,Miranda Beasley,FALSE,15,http://http://acosta.org//,,
17,holtgwendolyn@watson-davenport.com,Foley,Caroline,936.222.4746x9924,001-469-948-6341x359,Winters-Mendoza,West Adriennestad,Western Sahara,3/10/21,http://www.benson-roth.com/,a5DC21AE3a21eaA,,,17,holtgwendolyn@watson-davenport.com,Foley,Caroline,936.222.4746x9924,001-469-948-6341x359,Winters-Mendoza,West Adriennestad,Western Sahara,3/10/2021,http://www.benson-roth.com/,a5DC21AE3a21eaA,Caroline Foley,FALSE,15,http://http://www.benson-roth.com//,,
18,jaredjuarez@carroll.org,Mata,Greg,(701)087-2415,(195)156-1861x26241,Valentine LLC,Lake Leslie,Mozambique,3/26/22,http://pitts-cherry.com/,F8Aa9d6DfcBeeF8,,,18,jaredjuarez@carroll.org,Mata,Greg,(701)087-2415,(195)156-1861x26241,Valentine LLC,Lake Leslie,Mozambique,3/26/2022,http://pitts-cherry.com/,F8Aa9d6DfcBeeF8,Greg Mata,FALSE,15,http://http://pitts-cherry.com//,,
19,joseph26@jacobson.com,Jacobson,Clifford,001-151-330-3524x0469,(748)477-7174,Simon LLC,Harmonview,South Georgia and the South Sandwich Islands,9/24/20,https://mcconnell.com/,F160f5Db3EfE973,,,19,joseph26@jacobson.com,Jacobson,Clifford,001-151-330-3524x0469,(748)477-7174,Simon LLC,Harmonview,South Georgia and the South Sandwich Islands,9/24/2020,https://mcconnell.com/,F160f5Db3EfE973,Clifford Jacobson,FALSE,15,http://https://mcconnell.com//,,
20,tuckerangie@salazar.net,Kirk,Joanna,(266)131-7001x711,(283)312-5579x11543,Mays-Mccormick,Jamesshire,French Polynesia,9/24/21,https://www.camacho.net/,0F60FF3DdCd7aB0,,,20,tuckerangie@salazar.net,Kirk,Joanna,(266)131-7001x711,(283)312-5579x11543,Mays-Mccormick,Jamesshire,French Polynesia,9/24/2021,https://www.camacho.net/,0F60FF3DdCd7aB0,Joanna Kirk,FALSE,15,http://https://www.camacho.net//,,
21,fgibson@drake-webb.com,Frye,Maxwell,423.262.3059,202-880-0688x7491,Patterson Inc,East Carly,Malta,1/12/22,http://www.roberts.com/,9F9AdB7B8A6f7F2,,,21,fgibson@drake-webb.com,Frye,Maxwell,423.262.3059,202-880-0688x7491,Patterson Inc,East Carly,Malta,1/12/2022,http://www.roberts.com/,9F9AdB7B8A6f7F2,Maxwell Frye,FALSE,15,http://http://www.roberts.com//,,
22,blanchardbob@wallace-shannon.com,Houston,Kiara,001-274-040-3582x10611,+1-528-175-0973x4684,"Manning, Hester and Arroyo",South Alvin,Netherlands,9/15/20,https://www.reid-potts.com/,FBd0Ded4F02a742,,,22,blanchardbob@wallace-shannon.com,Houston,Kiara,001-274-040-3582x10611,+1-528-175-0973x4684,"Manning, Hester and Arroyo",South Alvin,Netherlands,9/15/2020,https://www.reid-potts.com/,FBd0Ded4F02a742,Kiara Houston,FALSE,15,http://https://www.reid-potts.com//,,
23,rsingleton@ryan-cherry.com,Howard,Colleen,1935085151,(947)115-7711x5488,Greer and Sons,Brittanyview,Paraguay,8/19/20,http://paul.biz/,2FB0FAA1d429421,,,23,rsingleton@ryan-cherry.com,Howard,Colleen,1935085151,(947)115-7711x5488,Greer and Sons,Brittanyview,Paraguay,8/19/2020,http://paul.biz/,2FB0FAA1d429421,Colleen Howard,FALSE,15,http://http://paul.biz//,,
24,stefanie71@spence.com,Valenzuela,Janet,354.259.5062x7538,500.433.2022,Watts-Donaldson,Veronicamouth,Lao People's Democratic Republic,9/8/20,https://moreno.biz/,010468dAA11382c,,,24,stefanie71@spence.com,Valenzuela,Janet,354.259.5062x7538,500.433.2022,Watts-Donaldson,Veronicamouth,Lao People's Democratic Republic,9/8/2020,https://moreno.biz/,010468dAA11382c,Janet Valenzuela,FALSE,15,http://https://moreno.biz//,,
25,mariah88@santos.com,Wilcox,Shane,(429)005-9030x11004,541-116-4501,Tucker LLC,Bryanville,Albania,4/6/21,https://www.ramos.com/,eC1927Ca84E033e,,,25,mariah88@santos.com,Wilcox,Shane,(429)005-9030x11004,541-116-4501,Tucker LLC,Bryanville,Albania,4/6/2021,https://www.ramos.com/,eC1927Ca84E033e,Shane Wilcox,FALSE,15,http://https://www.ramos.com//,,
26,donnamullins#norris-barrett.org,Moody,Marcus,674-677-8623,909-277-5485x566,Giles Ltd,Kaitlyntown,Panama,5/24/22,https://www.curry.com/, 09D7D7C8Fe09aea,,,26,donnamullins#norris-barrett.org,Moody,Marcus,674-677-8623,909-277-5485x566,Giles Ltd,Kaitlyntown,Panama,5/24/2022,https://www.curry.com/, 09D7D7C8Fe09aea,Marcus Moody,FALSE,16,http://https://www.curry.com//,,
27,stacey67@fields.org,Poole,Dakota,(371)987-8576x4720,071-152-1376,Simmons Group,Michealshire,Belarus,2/20/22,https://sanford-wilcox.biz/,aBdfcF2c50b0bfD,,,27,stacey67@fields.org,Poole,Dakota,(371)987-8576x4720,071-152-1376,Simmons Group,Michealshire,Belarus,2/20/2022,https://sanford-wilcox.biz/,aBdfcF2c50b0bfD,Dakota Poole,FALSE,15,http://https://sanford-wilcox.biz//,,
28,jacobkhan@bright.biz,Harper,Frederick,+1-077-121-1558x0687,264.742.7149,"Hinton, Chaney and Stokes",South Marissatown,Switzerland,5/26/22,https://callahan.org/,b92EBfdF8a3f0E6,,,28,jacobkhan@bright.biz,Harper,Frederick,+1-077-121-1558x0687,264.742.7149,"Hinton, Chaney and Stokes",South Marissatown,Switzerland,5/26/2022,https://callahan.org/,b92EBfdF8a3f0E6,Frederick Harper,FALSE,15,http://https://callahan.org//,,
10,mdyer@escobar.net,Gallagher,Michelle,739.218.2516x459,001-054-401-0347x617,Beck-Hendrix,Elaineberg,Timor-Leste,11/8/21,https://arias.com/,8C2811a503C7c5a,,,29,mdyer@escobar.net,Gallagher,Michelle,739.218.2516x459,001-054-401-0347x617,Beck-Hendrix,Elaineberg,Timor-Leste,11/8/2021,https://arias.com/,8C2811a503C7c5a,Michelle Gallagher,FALSE,15,http://https://arias.com//,,
29,wterrell#clark.com,Fitzpatrick,Stefanie,(752)776-3286,+1-472-021-4814x85074,Santana-Duran,Acevedoville,Saint Vincent and the Grenadines,7/30/20,https://meyers.com/,3B5dAAFA41AFa22,,,30,wterrell#clark.com,Fitzpatrick,Stefanie,(752)776-3286,+1-472-021-4814x85074,Santana-Duran,Acevedoville,Saint Vincent and the Grenadines,7/30/2020,https://meyers.com/,3B5dAAFA41AFa22,Stefanie Fitzpatrick,FALSE,15,http://https://meyers.com//,,
30,qjimenez@boyd.com,Bradshaw,Kent,+1-472-143-5037x884,126.922.6153,Sawyer PLC,North Harold,Tanzania,4/26/20,http://maynard-ho.com/,EDA69ca7a6e96a2,,,31,qjimenez@boyd.com,Bradshaw,Kent,+1-472-143-5037x884,126.922.6153,Sawyer PLC,North Harold,Tanzania,4/26/2020,http://maynard-ho.com/,EDA69ca7a6e96a2,Kent Bradshaw,FALSE,15,http://http://maynard-ho.com//,,
31,gfigueroa@boone-zavala.com,Tate,Jack,965-108-4406x20714,046.906.1442x6784,"Acosta, Petersen and Morrow",West Samuel,Zimbabwe,9/15/21,http://www.hawkins-ramsey.com/,64DCcDFaB9DFd4e,,,32,gfigueroa@boone-zavala.com,Tate,Jack,965-108-4406x20714,046.906.1442x6784,"Acosta, Petersen and Morrow",West Samuel,Zimbabwe,9/15/2021,http://www.hawkins-ramsey.com/,64DCcDFaB9DFd4e,Jack Tate,FALSE,15,http://http://www.hawkins-ramsey.com//,,
32,tapiagreg@beard.info,Trujillo,Tom,416-338-3758,(775)890-7209,Mcgee Group,Cunninghamborough,Denmark,1/13/22,http://www.daniels-klein.com/,679c6c83DD872d6,,,33,tapiagreg@beard.info,Trujillo,Tom,416-338-3758,(775)890-7209,Mcgee Group,Cunninghamborough,Denmark,1/13/2022,http://www.daniels-klein.com/,679c6c83DD872d6,Tom Trujillo,FALSE,15,http://http://www.daniels-klein.com//,,
33,coleolson@jennings.net,Mejia,Gabriel,4077245425,646.044.0696x66800,Adkins-Salinas,Port Annatown,Liechtenstein,4/24/21,https://patel-hanson.info/,7Ce381e4Afa4ba9,,,34,coleolson@jennings.net,Mejia,Gabriel,4077245425,646.044.0696x66800,Adkins-Salinas,Port Annatown,Liechtenstein,4/24/2021,https://patel-hanson.info/,7Ce381e4Afa4ba9,Gabriel Mejia,FALSE,15,http://https://patel-hanson.info//,,
34,georgeross@miles.org,Santana,Kaitlyn,6303643286,447-710-6202x07313,Herrera Group,New Kaitlyn,United States of America,9/21/21,http://pham.com/,A09AEc6E3bF70eE,,,35,georgeross@miles.org,Santana,Kaitlyn,6303643286,447-710-6202x07313,Herrera Group,New Kaitlyn,United States of America,9/21/2021,http://pham.com/,A09AEc6E3bF70eE,Kaitlyn Santana,FALSE,15,http://http://pham.com//,,
35,willistonya@randolph-baker.com,Moon,Faith,+1-586-217-0359x6317,-2419,"Waters, Chase and Aguilar",West Marthaburgh,Bahamas,11/3/21,https://spencer-charles.info/,aA9BAFfBc3710fe,,,36,willistonya@randolph-baker.com,Moon,Faith,+1-586-217-0359x6317,-2419,"Waters, Chase and Aguilar",West Marthaburgh,Bahamas,11/3/2021,https://spencer-charles.info/,aA9BAFfBc3710fe,Faith Moon,FALSE,15,http://https://spencer-charles.info//,,
36,harrisisaiah@jenkins.com,Haley,Tammie,001-276-734-4113x6087,(430)300-8770,"Palmer, Barnes and Houston",East Teresa,Belize,1/4/22,http://evans-simon.com/,E11dfb2DB8C9f72,,,37,harrisisaiah@jenkins.com,Haley,Tammie,001-276-734-4113x6087,(430)300-8770,"Palmer, Barnes and Houston",East Teresa,Belize,1/4/2022,http://evans-simon.com/,E11dfb2DB8C9f72,Tammie Haley,FALSE,15,http://http://evans-simon.com//,,
37,fwolfe@dorsey.com,Sosa,Nicholas,(661)425-6042,975-998-1519,Jordan Ltd,South Hunter,Uruguay,8/10/21,https://www.fleming-richards.com/,889eCf90f68c5Da,,,38,fwolfe@dorsey.com,Sosa,Nicholas,(661)425-6042,975-998-1519,Jordan Ltd,South Hunter,Uruguay,8/10/2021,https://www.fleming-richards.com/,889eCf90f68c5Da,Nicholas Sosa,FALSE,15,http://https://www.fleming-richards.com//,,
38,tiffanydavies@harris-mcfarland.org,Gay,Jordan,7208417020,8035336772,Glover and Sons,South Walter,Solomon Islands,2/24/21,http://www.lee.org/,7a1Ee69F4fF4B4D,,,39,tiffanydavies@harris-mcfarland.org,Gay,Jordan,7208417020,8035336772,Glover and Sons,South Walter,Solomon Islands,2/24/2021,http://www.lee.org/,7a1Ee69F4fF4B4D,Jordan Gay,FALSE,15,http://http://www.lee.org//,,
39,preese@frye-vega.com,Esparza,Bruce,559-529-4424,001-625-000-7132x0367,Huerta-Mclean,Poolefurt,Montenegro,10/22/21,http://www.farley.org/,dca4f1D0A0fc5c9,,,40,preese@frye-vega.com,Esparza,Bruce,559-529-4424,001-625-000-7132x0367,Huerta-Mclean,Poolefurt,Montenegro,10/22/2021,http://www.farley.org/,dca4f1D0A0fc5c9,Bruce Esparza,FALSE,15,http://http://www.farley.org//,,
40,ann48@miller.com,Garza,Sherry,001-067-713-6440x158,(978)289-8785x5766,Anderson Ltd,West John,Poland,11/1/21,http://spence.com/,17aD8e2dB3df03D,,,41,ann48@miller.com,Garza,Sherry,001-067-713-6440x158,(978)289-8785x5766,Anderson Ltd,West John,Poland,11/1/2021,http://spence.com/,17aD8e2dB3df03D,Sherry Garza,FALSE,15,http://http://spence.com//,,
41,tcummings@fitzpatrick-ashley.com,Gentry,Natalie,830.996.8238,499.122.5415,Monroe PLC,West Darius,Dominican Republic,10/10/20,http://www.dorsey.biz/,2f79Cd309624Abb,,,42,tcummings@fitzpatrick-ashley.com,Gentry,Natalie,830.996.8238,499.122.5415,Monroe PLC,West Darius,Dominican Republic,10/10/2020,http://www.dorsey.biz/,2f79Cd309624Abb,Natalie Gentry,FALSE,15,http://http://www.dorsey.biz//,,
42,woodwardandres@phelps.com,Dunn,Bryan,001-710-802-5565,078.699.8982x13881,Kaufman and Sons,North Jimstad,Burkina Faso,9/8/21,http://www.butler.com/,6e5ad5a5e2bB5Ca,,,43,woodwardandres@phelps.com,Dunn,Bryan,001-710-802-5565,078.699.8982x13881,Kaufman and Sons,North Jimstad,Burkina Faso,9/8/2021,http://www.butler.com/,6e5ad5a5e2bB5Ca,Bryan Dunn,FALSE,15,http://http://www.butler.com//,,
43,barbarapittman@holder.com,Simpson,Wayne,(344)156-8632x1869,463-445-3702x38463,Perkins-Trevino,East Rebekahborough,Bolivia,12/13/20,https://gillespie-holder.com/,7E441b6B228DBcA,,,44,barbarapittman@holder.com,Simpson,Wayne,(344)156-8632x1869,463-445-3702x38463,Perkins-Trevino,East Rebekahborough,Bolivia,12/13/2020,https://gillespie-holder.com/,7E441b6B228DBcA,Wayne Simpson,FALSE,15,http://https://gillespie-holder.com//,,
44,bstuart@williamson-mcclure.com,Greer,Luis,001-336-025-6849x701,684.698.2911x6092,Cross PLC,North Drew,Bulgaria,5/15/22,https://fletcher-nielsen.com/,D3fC11A9C235Dc6,,,45,bstuart@williamson-mcclure.com,Greer,Luis,001-336-025-6849x701,684.698.2911x6092,Cross PLC,North Drew,Bulgaria,5/15/2022,https://fletcher-nielsen.com/,D3fC11A9C235Dc6,Luis Greer,FALSE,15,http://https://fletcher-nielsen.com//,,
45,zkrueger@wolf-chavez.net,Frost,Rhonda,(127)081-9339,+1-431-028-3337x3492,"Herrera, Shepherd and Underwood",Lake Lindaburgh,Monaco,12/6/21,http://www.khan.com/,30Dfa48fe5Ede78,,,46,zkrueger@wolf-chavez.net,Frost,Rhonda,(127)081-9339,+1-431-028-3337x3492,"Herrera, Shepherd and Underwood",Lake Lindaburgh,Monaco,12/6/2021,http://www.khan.com/,30Dfa48fe5Ede78,Rhonda Frost,FALSE,15,http://http://www.khan.com//,,
46,juan80@henson.net,Montes,Joanne,(897)726-7952,(467)886-9467x5721,"Price, Sexton and Mcdaniel",Gwendolynview,Palau,7/1/20,http://ochoa.com/,fD780ED8dbEae7B,,,47,juan80@henson.net,Montes,Joanne,(897)726-7952,(467)886-9467x5721,"Price, Sexton and Mcdaniel",Gwendolynview,Palau,7/1/2020,http://ochoa.com/,fD780ED8dbEae7B,Joanne Montes,FALSE,15,http://http://ochoa.com//,,
47,bauercrystal@gay.com,Guzman,Geoffrey,975.235.8921x269,(983)188-6873,Short-Wiggins,Zimmermanland,Uzbekistan,4/23/20,https://decker-kline.com/,300A40d3ce24bBA,,,48,bauercrystal@gay.com,Guzman,Geoffrey,975.235.8921x269,(983)188-6873,Short-Wiggins,Zimmermanland,Uzbekistan,4/23/2020,https://decker-kline.com/,300A40d3ce24bBA,Geoffrey Guzman,FALSE,15,http://https://decker-kline.com//,,
48,bartlettjenna@zuniga-moss.biz,Mccall,Gloria,445-603-6729,001-395-959-4736x4524,"Brennan, Acosta and Ramos",North Kerriton,Ghana,3/11/22,http://burgess-frank.com/,283DFCD0Dba40aF,,,49,bartlettjenna@zuniga-moss.biz,Mccall,Gloria,445-603-6729,001-395-959-4736x4524,"Brennan, Acosta and Ramos",North Kerriton,Ghana,3/11/2022,http://burgess-frank.com/,283DFCD0Dba40aF,Gloria Mccall,FALSE,15,http://http://burgess-frank.com//,,
49,mccalltyrone@durham-rose.biz,Cohen,Brady,741.849.0139x524,+1-028-691-7497x0894,Osborne-Erickson,North Eileenville,United Arab Emirates,3/10/22,http://hammond-barron.com/,F4Fc91fEAEad286,,,50,mccalltyrone@durham-rose.biz,Cohen,Brady,741.849.0139x524,+1-028-691-7497x0894,Osborne-Erickson,North Eileenville,United Arab Emirates,3/10/2022,http://hammond-barron.com/,F4Fc91fEAEad286,Brady Cohen,FALSE,15,http://http://hammond-barron.com//,,
50,bobhammond@barry.biz,Mccann,Latoya,(530)287-4548x29481,162-234-0249x32790,"Hobbs, Garrett and Sanford",Port Sergiofort,Belarus,12/2/21,https://www.burton.com/,80F33Fd2AcebF05,,,51,bobhammond@barry.biz,Mccann,Latoya,(530)287-4548x29481,162-234-0249x32790,"Hobbs, Garrett and Sanford",Port Sergiofort,Belarus,12/2/2021,https://www.burton.com/,80F33Fd2AcebF05,Latoya Mccann,FALSE,15,http://https://www.burton.com//,,
51,uwarner@steele-arias.com,Hawkins,Gerald,+1-323-239-1456x96168,(092)508-0269,"Phelps, Forbes and Koch",New Alberttown,Canada,3/19/21,https://valenzuela.com/,Aa20BDe68eAb0e9,,,52,uwarner@steele-arias.com,Hawkins,Gerald,+1-323-239-1456x96168,(092)508-0269,"Phelps, Forbes and Koch",New Alberttown,Canada,3/19/2021,https://valenzuela.com/,Aa20BDe68eAb0e9,Gerald Hawkins,FALSE,15,http://https://valenzuela.com//,,
52,xpittman@ritter-carney.net,Crawford,Samuel,802-242-7457,626.116.9535x8578,"May, Goodwin and Martin",South Jasmine,Algeria,3/27/21,https://guerrero.org/,e898eEB1B9FE22b,,,53,xpittman@ritter-carney.net,Crawford,Samuel,802-242-7457,626.116.9535x8578,"May, Goodwin and Martin",South Jasmine,Algeria,3/27/2021,https://guerrero.org/,e898eEB1B9FE22b,Samuel Crawford,FALSE,15,http://https://guerrero.org//,,
53,vaughanchristy@lara.biz,Goodwin,Patricia,322.549.7139x70040,(111)741-4173,"Christian, Winters and Ellis",Cowanfort,Swaziland,3/8/21,http://clark.info/,faCEF517ae7D8eB,,,54,vaughanchristy@lara.biz,Goodwin,Patricia,322.549.7139x70040,(111)741-4173,"Christian, Winters and Ellis",Cowanfort,Swaziland,3/8/2021,http://clark.info/,faCEF517ae7D8eB,Patricia Goodwin,FALSE,15,http://http://clark.info//,,
54,clinton85@colon-arias.org,Richard,Stacie,001-622-948-3641x24810,001-731-168-2893x8891,Byrd Inc,New Deborah,Madagascar,10/15/20,https://kim.com/,c09952De6Cda8aA,,,55,clinton85@colon-arias.org,Richard,Stacie,001-622-948-3641x24810,001-731-168-2893x8891,Byrd Inc,New Deborah,Madagascar,10/15/2020,https://kim.com/,c09952De6Cda8aA,Stacie Richard,FALSE,15,http://https://kim.com//,,
55,greenemiranda@zimmerman.com,West,Robin,698.303.4267,001-683-837-7651x525,"Nixon, Blackwell and Sosa",Wallstown,Ecuador,1/13/22,https://www.mora.com/,f3BEf3Be028166f,,,56,greenemiranda@zimmerman.com,West,Robin,698.303.4267,001-683-837-7651x525,"Nixon, Blackwell and Sosa",Wallstown,Ecuador,1/13/2022,https://www.mora.com/,f3BEf3Be028166f,Robin West,FALSE,15,http://https://www.mora.com//,,
56,goodmancesar@figueroa.biz,Haas,Ralph,2239271999,001-962-434-0867x649,Montes PLC,Lake Ellenchester,Palestinian Territory,5/25/20,http://may.com/,C6F2Fc6a7948a4e,,,57,goodmancesar@figueroa.biz,Haas,Ralph,2239271999,001-962-434-0867x649,Montes PLC,Lake Ellenchester,Palestinian Territory,5/25/2020,http://may.com/,C6F2Fc6a7948a4e,Ralph Haas,FALSE,15,http://http://may.com//,,
57,yhanson@warner-diaz.org,Maldonado,Phyllis,4500370767,001-508-064-6725x017,Costa PLC,Lake Whitney,Saint Barthelemy,1/25/21,http://www.bernard.com/,c8FE57cBBdCDcb2,,,58,yhanson@warner-diaz.org,Maldonado,Phyllis,4500370767,001-508-064-6725x017,Costa PLC,Lake Whitney,Saint Barthelemy,1/25/2021,http://www.bernard.com/,c8FE57cBBdCDcb2,Phyllis Maldonado,FALSE,15,http://http://www.bernard.com//,,
58,howelldarren@house-cohen.com,Parrish,Danny,(669)384-8597x8794,506.731.5952x571,Novak LLC,East Jaredbury,United Arab Emirates,3/17/21,http://www.parsons-hudson.com/,B5acdFC982124F2,,,59,howelldarren@house-cohen.com,Parrish,Danny,(669)384-8597x8794,506.731.5952x571,Novak LLC,East Jaredbury,United Arab Emirates,3/17/2021,http://www.parsons-hudson.com/,B5acdFC982124F2,Danny Parrish,FALSE,15,http://http://www.parsons-hudson.com//,,
59,ncamacho@boone-simmons.org,Hill,Kathy,001-171-716-2175x310,888.625.0654,"Moore, Mccoy and Glass",Selenabury,South Georgia and the South Sandwich Islands,11/15/20,http://hayden.com/,8c7DdF10798bCC3,,,60,ncamacho@boone-simmons.org,Hill,Kathy,001-171-716-2175x310,888.625.0654,"Moore, Mccoy and Glass",Selenabury,South Georgia and the South Sandwich Islands,11/15/2020,http://hayden.com/,8c7DdF10798bCC3,Kathy Hill,FALSE,15,http://http://hayden.com//,,
60,kristopher62@oliver.com,Hardy,Kelli,020.324.2191x2022,424-157-8216,Petty Ltd,Huangfort,Sao Tome and Principe,12/20/20,http://www.kidd.com/,C681dDd0cc422f7,,,61,kristopher62@oliver.com,Hardy,Kelli,020.324.2191x2022,424-157-8216,Petty Ltd,Huangfort,Sao Tome and Principe,12/20/2020,http://www.kidd.com/,C681dDd0cc422f7,Kelli Hardy,FALSE,15,http://http://www.kidd.com//,,
61,mpham@rios-guzman.com,Pham,Lynn,846.468.6834x611,001-248-691-0006,"Brennan, Camacho and Tapia",East Pennyshire,Portugal,8/21/20,https://www.murphy.com/,a940cE42e035F28,,,62,mpham@rios-guzman.com,Pham,Lynn,846.468.6834x611,001-248-691-0006,"Brennan, Camacho and Tapia",East Pennyshire,Portugal,8/21/2020,https://www.murphy.com/,a940cE42e035F28,Lynn Pham,FALSE,15,http://https://www.murphy.com//,,
62,zachary96@mitchell-bryant.org,Harris,Shelley,423.098.0315x8373,+1-386-458-8944x15194,"Prince, Malone and Pugh",Port Jasminborough,Togo,12/10/20,https://www.ryan.com/,9Cf5E6AFE0aeBfd,,,63,zachary96@mitchell-bryant.org,Harris,Shelley,423.098.0315x8373,+1-386-458-8944x15194,"Prince, Malone and Pugh",Port Jasminborough,Togo,12/10/2020,https://www.ryan.com/,9Cf5E6AFE0aeBfd,Shelley Harris,FALSE,15,http://https://www.ryan.com//,,
63,kristiwhitney@bernard.com,Jimenez,Eddie,+1-235-657-1073x6306,(026)401-7353x2417,Caldwell Group,West Kristine,Ethiopia,3/24/22,http://cherry.com/,aEcbe5365BbC67D,,,64,kristiwhitney@bernard.com,Jimenez,Eddie,+1-235-657-1073x6306,(026)401-7353x2417,Caldwell Group,West Kristine,Ethiopia,3/24/2022,http://cherry.com/,aEcbe5365BbC67D,Eddie Jimenez,FALSE,15,http://http://cherry.com//,,
64,leah85@sutton-terrell.com,Hutchinson,Chloe,981-544-9452,+1-288-552-4666x060,Simon LLC,South Julia,Netherlands,5/15/22,https://mitchell.info/,FCBdfCEAe20A8Dc,,,65,leah85@sutton-terrell.com,Hutchinson,Chloe,981-544-9452,+1-288-552-4666x060,Simon LLC,South Julia,Netherlands,5/15/2022,https://mitchell.info/,FCBdfCEAe20A8Dc,Chloe Hutchinson,FALSE,15,http://https://mitchell.info//,,
65,levigiles@vincent.com,Lynch,Eileen,+1-158-951-4131x53578,001-673-779-6713x680,"Knight, Abbott and Hubbard",Helenborough,Liberia,1/2/21,http://mckay.com/,636cBF0835E10ff,,,66,levigiles@vincent.com,Lynch,Eileen,+1-158-951-4131x53578,001-673-779-6713x680,"Knight, Abbott and Hubbard",Helenborough,Liberia,1/2/2021,http://mckay.com/,636cBF0835E10ff,Eileen Lynch,FALSE,15,http://http://mckay.com//,,
66,fisherlinda@schaefer.net,Lambert,Fernando,497.829.9038,3863743398,Church-Banks,Lake Nancy,Lithuania,4/23/21,https://www.vang.com/,fF1b6c9E8Fbf1ff,,,67,fisherlinda@schaefer.net,Lambert,Fernando,497.829.9038,3863743398,Church-Banks,Lake Nancy,Lithuania,4/23/2021,https://www.vang.com/,fF1b6c9E8Fbf1ff,Fernando Lambert,FALSE,15,http://https://www.vang.com//,,
67,scottcurtis@hurley.biz,Cannon,Makayla,001-215-801-6392x46009,027-609-6460,Henderson Inc,Georgeport,New Caledonia,1/20/20,http://www.velazquez.net/,2A13F74EAa7DA6c,,,68,scottcurtis@hurley.biz,Cannon,Makayla,001-215-801-6392x46009,027-609-6460,Henderson Inc,Georgeport,New Caledonia,1/20/2020,http://www.velazquez.net/,2A13F74EAa7DA6c,Makayla Cannon,FALSE,15,http://http://www.velazquez.net//,,
68,nicholsonnina@montgomery.info,Alvarado,Tom,(585)606-2980x2258,730-797-3594x5614,Donaldson-Dougherty,South Sophiaberg,Kiribati,8/18/20,http://odom-massey.com/,a014Ec1b9FccC1E,,,69,nicholsonnina@montgomery.info,Alvarado,Tom,(585)606-2980x2258,730-797-3594x5614,Donaldson-Dougherty,South Sophiaberg,Kiribati,8/18/2020,http://odom-massey.com/,a014Ec1b9FccC1E,Tom Alvarado,FALSE,15,http://http://odom-massey.com//,,
69,zvalencia@phelps.com,Dudley,Virginia,027.846.3705x14184,+1-439-171-1846x4636,Warren Ltd,Hartbury,French Southern Territories,1/31/21,http://hunter-esparza.com/,421a109cABDf5fa,,,70,zvalencia@phelps.com,Dudley,Virginia,027.846.3705x14184,+1-439-171-1846x4636,Warren Ltd,Hartbury,French Southern Territories,1/31/2021,http://hunter-esparza.com/,421a109cABDf5fa,Virginia Dudley,FALSE,15,http://http://hunter-esparza.com//,,
70,alex06@galloway.com,Good,Riley,6977745822,855-436-7641,Wade PLC,Erikaville,Canada,2/3/20,http://conway.org/,CC68FD1D3Bbbf22,,,71,alex06@galloway.com,Good,Riley,6977745822,855-436-7641,Wade PLC,Erikaville,Canada,2/3/2020,http://conway.org/,CC68FD1D3Bbbf22,Riley Good,FALSE,15,http://http://conway.org//,,
71,lee48@manning.com,Buck,Alexandria,078-900-4760x76668,414-112-8700x68751,Keller-Coffey,Nicolasfort,Iran,2/20/21,https://ramsey.org/,CBCd2Ac8E3eBDF9,,,72,lee48@manning.com,Buck,Alexandria,078-900-4760x76668,414-112-8700x68751,Keller-Coffey,Nicolasfort,Iran,2/20/2021,https://ramsey.org/,CBCd2Ac8E3eBDF9,Alexandria Buck,FALSE,15,http://https://ramsey.org//,,
72,aharper@maddox-townsend.org,Roth,Richard,581-440-6539,9857827463,Conway-Mcbride,New Jasmineshire,Morocco,2/23/20,https://www.brooks.com/,Ef859092FbEcC07,,,73,aharper@maddox-townsend.org,Roth,Richard,581-440-6539,9857827463,Conway-Mcbride,New Jasmineshire,Morocco,2/23/2020,https://www.brooks.com/,Ef859092FbEcC07,Richard Roth,FALSE,15,http://https://www.brooks.com//,,
73,buckleycory@odonnell.net,Keller,Candice,001-927-965-8550x92406,001-243-038-4271x53076,Huynh and Sons,East Summerstad,Zimbabwe,8/22/20,https://www.lucero.com/,F560f2d3cDFb618,,,74,buckleycory@odonnell.net,Keller,Candice,001-927-965-8550x92406,001-243-038-4271x53076,Huynh and Sons,East Summerstad,Zimbabwe,8/22/2020,https://www.lucero.com/,F560f2d3cDFb618,Candice Keller,FALSE,15,http://https://www.lucero.com//,,
74,angie04@oconnell.com,Benson,Anita,874.617.5668x69878,(399)820-6418x0071,Parrish Ltd,Skinnerport,Russian Federation,2/9/20,http://oconnor.com/,A3F76Be153Df4a3,,,75,angie04@oconnell.com,Benson,Anita,874.617.5668x69878,(399)820-6418x0071,Parrish Ltd,Skinnerport,Russian Federation,2/9/2020,http://oconnor.com/,A3F76Be153Df4a3,Anita Benson,FALSE,15,http://http://oconnor.com//,,
75,zrosario@rojas-hardin.net,Stein,Regina,001-469-848-0724x4407,001-085-360-4426x00357,Guzman-Brown,Raystad,Solomon Islands,1/15/22,http://www.johnston.info/,D01Af0AF7cBbFeA,,,76,zrosario@rojas-hardin.net,Stein,Regina,001-469-848-0724x4407,001-085-360-4426x00357,Guzman-Brown,Raystad,Solomon Islands,1/15/2022,http://www.johnston.info/,D01Af0AF7cBbFeA,Regina Stein,FALSE,15,http://http://www.johnston.info//,,
76,shieldskerry@robles.com,Riddle,Debra,+1-768-182-6014x14336,(303)961-4491,"Chang, Aguirre and Leblanc",Colinhaven,United States Virgin Islands,7/11/20,http://kaiser.info/,d40e89dCade7b2F,,,77,shieldskerry@robles.com,Riddle,Debra,+1-768-182-6014x14336,(303)961-4491,"Chang, Aguirre and Leblanc",Colinhaven,United States Virgin Islands,7/11/2020,http://kaiser.info/,d40e89dCade7b2F,Debra Riddle,FALSE,15,http://http://kaiser.info//,,
77,mchandler@cochran-huerta.org,Zuniga,Brittany,(050)136-9025,001-480-851-2496x0157,Mason-Hester,West Reginald,Kyrgyz Republic,7/24/21,http://www.boyle.com/,BF6a1f9bd1bf8DE,,,78,mchandler@cochran-huerta.org,Zuniga,Brittany,(050)136-9025,001-480-851-2496x0157,Mason-Hester,West Reginald,Kyrgyz Republic,7/24/2021,http://www.boyle.com/,BF6a1f9bd1bf8DE,Brittany Zuniga,FALSE,15,http://http://www.boyle.com//,,
78,katrinalane@fitzgerald.com,Mcmahon,Cassidy,5040771311,684-682-0021x1326,"Mcguire, Huynh and Hopkins",Lake Sherryborough,Myanmar,10/21/20,https://hurst.com/,FfaeFFbbbf280db,,,79,katrinalane@fitzgerald.com,Mcmahon,Cassidy,5040771311,684-682-0021x1326,"Mcguire, Huynh and Hopkins",Lake Sherryborough,Myanmar,10/21/2020,https://hurst.com/,FfaeFFbbbf280db,Cassidy Mcmahon,FALSE,15,http://https://hurst.com//,,
79,cookejill@powell.com,Pennington,Laurie,007.155.3406x553,+1-809-862-5566x277,"Sanchez, Marsh and Hale",Port Katherineville,Dominica,6/8/20,http://www.hebert.com/,CbAE1d1e9a8dCb1,,,80,cookejill@powell.com,Pennington,Laurie,007.155.3406x553,+1-809-862-5566x277,"Sanchez, Marsh and Hale",Port Katherineville,Dominica,6/8/2020,http://www.hebert.com/,CbAE1d1e9a8dCb1,Laurie Pennington,FALSE,15,http://http://www.hebert.com//,,
80,elizabethbarr@ewing.com,Blair,Alejandro,(690)068-4641x51468,555.509.8691x2329,"Combs, Waller and Durham",Thomasland,Iceland,9/19/20,https://mercado-blevins.com/,A7F85c1DE4dB87f,,,81,elizabethbarr@ewing.com,Blair,Alejandro,(690)068-4641x51468,555.509.8691x2329,"Combs, Waller and Durham",Thomasland,Iceland,9/19/2020,https://mercado-blevins.com/,A7F85c1DE4dB87f,Alejandro Blair,FALSE,15,http://https://mercado-blevins.com//,,
81,corey75@wiggins.com,Jennings,Leslie,629.198.6346,075.256.0829,Blankenship-Arias,Coreybury,Micronesia,11/13/21,https://www.juarez.com/,D6CEAfb3BDbaa1A,,,82,corey75@wiggins.com,Jennings,Leslie,629.198.6346,075.256.0829,Blankenship-Arias,Coreybury,Micronesia,11/13/2021,https://www.juarez.com/,D6CEAfb3BDbaa1A,Leslie Jennings,FALSE,15,http://https://www.juarez.com//,,
82,chloelester@higgins-wilkinson.com,Mckay,Kathleen,(733)910-9968,(691)247-4128x0665,"Coffey, Lamb and Johnson",Lake Janiceton,Saint Vincent and the Grenadines,9/12/21,http://www.owens-mooney.com/,Ebdb6F6F7c90b69,,,83,chloelester@higgins-wilkinson.com,Mckay,Kathleen,(733)910-9968,(691)247-4128x0665,"Coffey, Lamb and Johnson",Lake Janiceton,Saint Vincent and the Grenadines,9/12/2021,http://www.owens-mooney.com/,Ebdb6F6F7c90b69,Kathleen Mckay,FALSE,15,http://http://www.owens-mooney.com//,,
83,isaac26@benton-finley.com,Moreno,Hunter,(733)833-6754,001-761-013-7121,Fitzpatrick-Lawrence,East Clinton,Isle of Man,12/28/20,http://walls.info/,E8E7e8Cfe516ef0,,,84,isaac26@benton-finley.com,Moreno,Hunter,(733)833-6754,001-761-013-7121,Fitzpatrick-Lawrence,East Clinton,Isle of Man,12/28/2020,http://walls.info/,E8E7e8Cfe516ef0,Hunter Moreno,FALSE,15,http://http://walls.info//,,
84,justinwalters@jimenez.com,Davidson,Chad,8275702958,(804)842-4715,Garcia-Jimenez,South Joshuashire,Oman,11/15/21,http://www.garner-oliver.com/,78C06E9b6B3DF20,,,85,justinwalters@jimenez.com,Davidson,Chad,8275702958,(804)842-4715,Garcia-Jimenez,South Joshuashire,Oman,11/15/2021,http://www.garner-oliver.com/,78C06E9b6B3DF20,Chad Davidson,FALSE,15,http://http://www.garner-oliver.com//,,
85,maurice46@morgan.com,Holt,Corey,001-439-242-4986x7918,3162708934,"Mcdonald, Bird and Ramirez",New Glenda,Fiji,2.18.2022,http://www.watson.com/,03A1E62ADdeb31c,,,86,maurice46@morgan.com,Holt,Corey,001-439-242-4986x7918,3162708934,"Mcdonald, Bird and Ramirez",New Glenda,Fiji,2.18.2022,http://www.watson.com/,03A1E62ADdeb31c,Corey Holt,FALSE,15,http://http://www.watson.com//,,
86,walter83@juarez.org,Cunningham,Emma,128-059-0206x60217,(312)164-4545x2284,Stephens Inc,North Jillianview,New Zealand,5/13/22,http://www.reid.info/,C6763c99d0bd16D,,,87,walter83@juarez.org,Cunningham,Emma,128-059-0206x60217,(312)164-4545x2284,Stephens Inc,North Jillianview,New Zealand,5/13/2022,http://www.reid.info/,C6763c99d0bd16D,Emma Cunningham,FALSE,15,http://http://www.reid.info//,,
87,kmercer@wagner.com,Woods,Duane,(636)544-7783x7288,(203)287-1003x5932,Montoya-Miller,Lyonsberg,Maldives,7/21/20,http://murray.org/,ebe77E5Bf9476CE,,,88,kmercer@wagner.com,Woods,Duane,(636)544-7783x7288,(203)287-1003x5932,Montoya-Miller,Lyonsberg,Maldives,7/21/2020,http://murray.org/,ebe77E5Bf9476CE,Duane Woods,FALSE,15,http://http://murray.org//,,
88,vcantu@norton.com,Vargas,Alison,365-273-8144,053-308-7653x6287,"Vaughn, Watts and Leach",East Cristinabury,Benin,11/10/20,http://mason.info/,E4Bbcd8AD81fC5f,,,89,vcantu@norton.com,Vargas,Alison,365-273-8144,053-308-7653x6287,"Vaughn, Watts and Leach",East Cristinabury,Benin,11/10/2020,http://mason.info/,E4Bbcd8AD81fC5f,Alison Vargas,FALSE,15,http://http://mason.info//,,
89,hilljesse@barrett.info,Kane,Vernon,114-854-1159x555,499-608-4612,Carter-Strickland,Thomasfurt,Yemen,4/15/21,http://www.duffy-hensley.net/,efeb73245CDf1fF,,,90,hilljesse@barrett.info,Kane,Vernon,114-854-1159x555,499-608-4612,Carter-Strickland,Thomasfurt,Yemen,4/15/2021,http://www.duffy-hensley.net/,efeb73245CDf1fF,Vernon Kane,FALSE,15,http://http://www.duffy-hensley.net//,,
90,tyrone77@valenzuela.info,Flowers,Lori,679.415.1210,945-842-3659x4581,Decker-Mcknight,North Joeburgh,Namibia,1/9/21,http://www.deleon-crosby.com/,37Ec4B395641c1E,,,91,tyrone77@valenzuela.info,Flowers,Lori,679.415.1210,945-842-3659x4581,Decker-Mcknight,North Joeburgh,Namibia,1/9/2021,http://www.deleon-crosby.com/,37Ec4B395641c1E,Lori Flowers,FALSE,15,http://http://www.deleon-crosby.com//,,
91,elliserica@frank.com,Chavez,Nina,053-344-3205,+1-330-920-5422x571,Byrd-Campbell,Cassidychester,Bhutan,3/26/20,https://www.pugh.com/,5ef6d3eefdD43bE,,,92,elliserica@frank.com,Chavez,Nina,053-344-3205,+1-330-920-5422x571,Byrd-Campbell,Cassidychester,Bhutan,3/26/2020,https://www.pugh.com/,5ef6d3eefdD43bE,Nina Chavez,FALSE,15,http://https://www.pugh.com//,,
92,nsteele@sparks.com,Foley,Shane,-1692,001-626-114-5844x55073,Rocha-Hart,South Dannymouth,Hungary,7/6/21,https://www.holt-sparks.com/,98b3ae DcC3B9FF3,,,93,nsteele@sparks.com,Foley,Shane,-1692,001-626-114-5844x55073,Rocha-Hart,South Dannymouth,Hungary,7/6/2021,https://www.holt-sparks.com/,98b3ae DcC3B9FF3,Shane Foley,FALSE,16,http://https://www.holt-sparks.com//,,
93,dudleyemily@gonzales.biz,Ayers,Collin,404-645-5351x012,001-257-582-8850x8516,Lamb-Peterson,South Lonnie,Anguilla,6/29/21,http://www.ruiz.com/,aAb6AFc7AfD0fF3,,,94,dudleyemily@gonzales.biz,Ayers,Collin,404-645-5351x012,001-257-582-8850x8516,Lamb-Peterson,South Lonnie,Anguilla,6/29/2021,http://www.ruiz.com/,aAb6AFc7AfD0fF3,Collin Ayers,FALSE,15,http://http://www.ruiz.com//,,
94,alan79@gates-mclaughlin.com,Young,Sherry,158-687-1764,(438)375-6207x003,"Lee, Lucero and Johnson",Frankchester,Solomon Islands,4/4/21,https://travis.net/,54B5B5Fe9F1B6C5,,,95,alan79@gates-mclaughlin.com,Young,Sherry,158-687-1764,(438)375-6207x003,"Lee, Lucero and Johnson",Frankchester,Solomon Islands,4/4/2021,https://travis.net/,54B5B5Fe9F1B6C5,Sherry Young,FALSE,15,http://https://travis.net//,,
95,grayjean@lowery-good.com,Douglas,Darrell,001-084-845-9524x1777,001-769-564-6303,"Newton, Petersen and Mathis",Daisyborough,Mali,2/17/22,https://banks.biz/,BE91A0bdcA49Bbc,,,96,grayjean@lowery-good.com,Douglas,Darrell,001-084-845-9524x1777,001-769-564-6303,"Newton, Petersen and Mathis",Daisyborough,Mali,2/17/2022,https://banks.biz/,BE91A0bdcA49Bbc,Darrell Douglas,FALSE,15,http://https://banks.biz//,,
96,hhart@jensen.com,Greer,Karl,(188)169-1674x58692,001-841-293-3519x614,Carey LLC,East Richard,Guyana,1/30/22,http://hayes-perez.com/,cb8E23e48d22Eae,,,97,hhart@jensen.com,Greer,Karl,(188)169-1674x58692,001-841-293-3519x614,Carey LLC,East Richard,Guyana,1/30/2022,http://hayes-perez.com/,cb8E23e48d22Eae,Karl Greer,FALSE,15,http://http://hayes-perez.com//,,
97,vkemp@ferrell.com,Atkinson,Lynn,-3769,605.413.3198,"Ware, Burns and Oneal",New Bradview,Sri Lanka,7/10/21,https://novak-allison.com/,CeD220bdAaCfaDf,,,98,vkemp@ferrell.com,Atkinson,Lynn,-3769,605.413.3198,"Ware, Burns and Oneal",New Bradview,Sri Lanka,7/10/2021,https://novak-allison.com/,CeD220bdAaCfaDf,Lynn Atkinson,FALSE,15,http://https://novak-allison.com//,,
98,swagner@kane.org,Guerra,Fred,+1-753-067-8419x7170,+1-632-666-7507x92121,Schmitt-Jones,Ortegaland,Solomon Islands,9/18/21,https://www.ross.com/,28CDbC0dFe4b1Db,,,99,swagner@kane.org,Guerra,Fred,+1-753-067-8419x7170,+1-632-666-7507x92121,Schmitt-Jones,Ortegaland,Solomon Islands,9/18/2021,https://www.ross.com/,28CDbC0dFe4b1Db,Fred Guerra,FALSE,15,http://https://www.ross.com//,,
99,mccarthystephen@horn-green.biz,Farmer,Yvonne,(530)311-9786,001-869-452-0943x12424,Fitzgerald-Harrell,Lake Elijahview,Aruba,8/11/21,http://watkins.info/,c23d1D9EE8DEB0A,,,100,mccarthystephen@horn-green.biz,Farmer,Yvonne,(530)311-9786,001-869-452-0943x12424,Fitzgerald-Harrell,Lake Elijahview,Aruba,8/11/2021,http://watkins.info/,c23d1D9EE8DEB0A,Yvonne Farmer,FALSE,15,http://http://watkins.info//,,
100,colleen91@faulkner.biz,Haynes,Clarence,(753)813-6941,783.639.1472,"Le, Nash and Cross",Judymouth,Honduras,3/11/20,http://www.hatfield-saunders.net/,2354a0E336A91A1,,,101,colleen91@faulkner.biz,Haynes,Clarence,(753)813-6941,783.639.1472,"Le, Nash and Cross",Judymouth,Honduras,3/11/2020,http://www.hatfield-saunders.net/,2354a0E336A91A1,Clarence Haynes,FALSE,15,http://http://www.hatfield-saunders.net//,,
,,,,,,,,,,,,,,102,sakaguchiabbas@email.com,Sakaguchi,Abbas,991-312-0859,447.581.1695x87012,Shannon-Harmon,North York,Canada,3/27/2021,curtis-archer.info,7fad23a90005442,Abbas Sakaguchi,FALSE,15,http://curtis-archer.info/,,
,,,,,,,,,,,,,,103,dorionrichard@email.com,Dorion,Richard,+1-841-655-9574x649,+1-163-615-2531x196,Wilkinson Inc,Montreal,Canada,2/29/2021,barr.org,f6e0e9cd00090bc,Richard Dorion,FALSE,15,http://barr.org/,,
,,,,,,,,,,,,,,104,gougeonsanjay@email.com,Gougeon,Sanjay,8553315303,007-978-8023x5539,Reed-Duffy,Montreal,Canada,11/9/2020,chaney.info,b501e5570005d59,Sanjay Gougeon,FALSE,15,http://chaney.info/,,
,,,,,,,,,,,,,,105,wrightmohamed@email.com,Wright,Mohamed,+1-976-946-9537x3871,855.438.3570,"Haynes, Combs and Murillo",Cambridge,Canada,5/31/2021,www.moore.com,1eb9c981000bcfc,Mohamed Wright,FALSE,15,http://www.moore.com/,,
,,,,,,,,,,,,,,106,romanmarian@email.com,Roman,Marian,200.514.1049x8785,664.086.6720x31092,Ballard-Wagner,Cambridge,Canada,5/31/2021,myers.org,26fd8a01000a1b8,Marian Roman,FALSE,15,http://myers.org/,,
,,,,,,,,,,,,,,107,mcdiarmidqasim@email.com,McDiarmid,Qasim,(697)793-1252x89047,715-480-1272x800,Craig-Terrell,Cumberland,Canada,12/11/2020,www.kelly.com,1827a30a0001887,Qasim McDiarmid,FALSE,15,http://www.kelly.com/,,
,,,,,,,,,,,,,,108,ouelletanthony@email.com,Ouellet,Anthony,001-423-840-8414x8487,+1-669-970-7521x862,Parker-Silva,Mont-Royal,Canada,11/16/2021,www.park.com,66e0e7520005481,Anthony Ouellet,FALSE,15,http://www.park.com/,,
,,,,,,,,,,,,,,109,luehofbill@email.com,Luehof,Bill,099.650.6578x8956,938.824.8764,Morgan LLC,North York,Canada,5/31/2021,waller.com,c10b2c42000e1c4,Bill Luehof,FALSE,15,http://waller.com/,,
,,,,,,,,,,,,,,110,allairetony@email.com,Allaire,Tony,001-462-834-1009x40782,+1-819-553-6170x0036,"Allison, Ward and Lynn",St Bonaventure,Canada,3/31/2021,www.sanford.info,8645046a000e9d4,Tony Allaire,FALSE,15,http://www.sanford.info/,,
,,,,,,,,,,,,,,111,kitherluc@email.com,Kither,Luc,1210697901,012-717-5375,"Andersen, Gaines and Norman",ARMADALE,Australia,11/30/2021,ellison-cobb.com,13ce55b4000133a,Luc Kither,FALSE,15,http://ellison-cobb.com/,,
,,,,,,,,,,,,,,112,allisonchristian@email.com,Allison,Christian,(769)024-8085,001-959-534-1765,"Marshall, Warren and Holloway",Oakville,Canada,4/5/2021,gonzales.com,30e4f4070005cc2,Christian Allison,FALSE,15,http://gonzales.com/,,
,,,,,,,,,,,,,,113,fooioan@email.com,Foo,Ioan,077.521.8857,491-663-4316,Estes Ltd,Singapore 548241,Singapore,12/31/2020,lester.net,6542d92e0002629,Ioan Foo,FALSE,15,http://lester.net/,,
,,,,,,,,,,,,,,114,raskomohammed@email.com,Rasko,Mohammed,338-335-9171x416,+1-767-741-2616x384,Fuller Ltd,Edmonton,Canada,8/17/2021,hardin.net,e91163e200050a4,Mohammed Rasko,FALSE,15,http://hardin.net/,,
,,,,,,,,,,,,,,115,johnstonhenry@email.com,Johnston,Henry,(017)947-6945x09659,001-952-225-1045x832,"Werner, Best and Hurley",Guelph,Canada,3/6/2021,bartlett.com,3f0719c00003af0,Henry Johnston,FALSE,15,http://bartlett.com/,,
,,,,,,,,,,,,,,116,flemingmaureen@email.com,Fleming,Maureen,(815)925-7175x4081,(616)615-9255,"Rogers, Boyle and Farmer",Calgary,Canada,7/29/2021,stephens.net,c8b5dade000a86e,Maureen Fleming,FALSE,15,http://stephens.net/,,
,,,,,,,,,,,,,,117,tsengmichael@email.com,Tseng,Michael,+1-122-513-5302x06880,296.634.2399x39373,Gonzalez-Hurley,Hsin-Chu 300,Taiwan,12/8/2021,www.mayo.com,1c87246a000b1fa,Michael Tseng,FALSE,15,http://www.mayo.com/,,
,,,,,,,,,,,,,,118,longleymichael@email.com,Longley,Michael,(156)633-3743x2060,001-549-475-9969x0352,Johnson Ltd,Newmarket,Canada,10/31/2021,wood.org,5b5d936b0004746,Michael Longley,FALSE,15,http://wood.org/,,
,,,,,,,,,,,,,,119,frankadil@email.com,Frank,Adil,(603)991-6573,001-566-074-0373x42276,Dougherty LLC,D-97502 Euerbach,Germany,4/24/2021,www.goodman.com,785221400006075,Adil Frank,FALSE,15,http://www.goodman.com/,,
,,,,,,,,,,,,,,120,arbuthnotvanel@email.com,Arbuthnot,Vanel,627.385.1633x91447,118.872.5638,Lamb LLC,Toronto,Canada,11/10/2020,www.mills.com,b67ac3fa0001231,Vanel Arbuthnot,FALSE,15,http://www.mills.com/,,
,,,,,,,,,,,,,,121,blackwelllee@email.com,Blackwell,Lee,001-046-751-3833x493,323.710.2957x327,Osborne Ltd,Ottawa,Canada,12/3/2020,perkins.net,49d26f1d00042d8,Lee Blackwell,FALSE,15,http://perkins.net/,,
,,,,,,,,,,,,,,122,greentania@email.com,Green,Tania,7856729623,350-407-8640,Price-Benton,Brockville,Canada,12/31/2021,www.jenkins-harrison.net,a147ea37000b627,Tania Green,FALSE,15,http://www.jenkins-harrison.net/,,
,,,,,,,,,,,,,,123,dickinsonron@email.com,Dickinson,Ron,001-928-124-3993x62776,001-999-745-4235,"Reynolds, Curtis and Lamb",300191 Tianjin,China,8/2/2021,gallagher-ellison.biz,9f8fae30000fc82,Ron Dickinson,FALSE,15,http://gallagher-ellison.biz/,,
,,,,,,,,,,,,,,124,townsendelizabeth@email.com,Townsend,Elizabeth,110.119.5793,(564)069-5663x26208,Horne and Sons,Surrey,Canada,5/31/2021,knapp-mcpherson.com,d8b2b68b000f8e7,Elizabeth Townsend,FALSE,15,http://knapp-mcpherson.com/,,
,,,,,,,,,,,,,,125,soongdanielle@email.com,Soong,Danielle,319-180-7553,070.231.7216x874,"Kaufman, Rangel and Beck",Thornhill,Canada,9/30/2021,humphrey.com,9bd4ecc9000adac,Danielle Soong,FALSE,15,http://humphrey.com/,,
,,,,,,,,,,,,,,126,boswellrichard@email.com,Boswell,Richard,451-227-6682,624.936.0823,Vega Ltd,Sandton,South Africa,4/30/2021,kent.biz,782b65aa000a305,Richard Boswell,FALSE,15,http://kent.biz/,,
,,,,,,,,,,,,,,127,mailledonald@email.com,Maille,Donald,001-297-402-3698x6550,3852076147,Blankenship Group,Montreal,Canada,6/28/2021,www.pacheco-hodges.org,c15e5954000f401,Donald Maille,FALSE,15,http://www.pacheco-hodges.org/,,
,,,,,,,,,,,,,,128,bowersjean-marc@email.com,Bowers,Jean-Marc,918.645.0324,196-586-9447x4670,Colon-Drake,Walkerton,Canada,9/30/2021,www.serrano-lang.biz,55a53b8c0004efc,Jean-Marc Bowers,FALSE,15,http://www.serrano-lang.biz/,,
,,,,,,,,,,,,,,129,robergepeter@email.com,Roberge,Peter,659-811-0503x688,(830)120-2630,Rollins Ltd,Pointe-Claire,Canada,6/30/2021,www.soto-rocha.com,2845876b000089e,Peter Roberge,FALSE,15,http://www.soto-rocha.com/,,
,,,,,,,,,,,,,,130,newtonferdinando@email.com,Newton,Ferdinando,(603)418-3398,489-980-5927x13098,"Malone, Rowland and Bullock",Roseneath,Canada,7/17/2021,guerrero-horne.com,b767590f0002268,Ferdinando Newton,FALSE,15,http://guerrero-horne.com/,,
,,,,,,,,,,,,,,131,cornelissenpeter@email.com,Cornelissen,Peter,(479)559-6654x369,834-594-5128x556,Townsend-Weber,London,Canada,11/16/2021,mcintosh-bishop.com,d5d9bd45000939f,Peter Cornelissen,FALSE,15,http://mcintosh-bishop.com/,,
,,,,,,,,,,,,,,132,beaudoinshellie@email.com,Beaudoin,Shellie,+1-897-696-6031x3653,273.443.5672x527,Spears LLC,Boucherville,Canada,12/15/2020,www.underwood.com,c8580ee1000f7a3,Shellie Beaudoin,FALSE,15,http://www.underwood.com/,,
,,,,,,,,,,,,,,133,cowansrikanth@email.com,Cowan,Srikanth,575.959.4454x2883,(913)040-5595x86422,Holmes-Walls,Toronto,Canada,12/18/2021,www.dean.biz,6cedb49b0003967,Srikanth Cowan,FALSE,15,http://www.dean.biz/,,
,,,,,,,,,,,,,,134,companysroger@email.com,Companys,Roger,397-504-3967x1627,400.296.8618x968,Huynh-Phillips,08029 Barcelona,Spain,5/31/2021,www.dalton.com,6aeda2850006ca7,Roger Companys,FALSE,15,http://www.dalton.com/,,
,,,,,,,,,,,,,,135,gloutnaydon@email.com,Gloutnay,Don,870-417-5661x107,001-793-402-5061x556,Cohen-Henderson,La Prairie,Canada,10/31/2021,lynn.com,c7ed2cc80072000,Don Gloutnay,FALSE,15,http://lynn.com/,,
,,,,,,,,,,,,,,136,tardimohammed@email.com,Tardi,Mohammed,366.661.5271x8254,785.359.4718x9134,Bowen Inc,Coquitlam,Canada,9/19/2021,brown.biz,238bfc590007661,Mohammed Tardi,FALSE,15,http://brown.biz/,,
,,,,,,,,,,,,,,137,alonsomichael@email.com,Alonso,Michael,380.617.7801x03749,(114)259-4382x840,"Hogan, Rice and Roy",28036 MADRID,Spain,3/13/2021,www.cooke.com,6c02082e000ab21,Michael Alonso,FALSE,15,http://www.cooke.com/,,
,,,,,,,,,,,,,,138,legentilcharles@email.com,Legentil,Charles,061-967-9081,-3470,Farrell-Bryan,Saint-Laurent,Canada,6/30/2021,zamora-ross.org,5e81cf2100048aa,Charles Legentil,FALSE,15,http://zamora-ross.org/,,
,,,,,,,,,,,,,,139,fielenbachgordon@email.com,Fielenbach,Gordon,(079)417-9763x1173,+1-729-401-8838x87500,Boyer-Hart,D-79713 Bad Saeckingen,Germany,6/30/2021,estes.com,8af5e7b000016b6,Gordon Fielenbach,FALSE,15,http://estes.com/,,
,,,,,,,,,,,,,,140,verwoerdrobert@email.com,Verwoerd,Robert,236.969.0967,001-632-797-8496x863,Glover-Roberts,6644 AZ Ewijk,Netherlands,3/14/2021,www.anthony-davis.info,c1b09ae70007cb9,Robert Verwoerd,FALSE,15,http://www.anthony-davis.info/,,
,,,,,,,,,,,,,,141,brunsj clark@email.com,Bruns,J Clark,(504)650-1379,4712298657,Mckenzie-Simon,Cambridge,Canada,5/31/2021,www.barry.com,e5ed8549000be10,J Clark Bruns,FALSE,15,http://www.barry.com/,,
,,,,,,,,,,,,,,142,desbienseriks@email.com,Desbiens,Eriks,(996)187-8214,052.968.8180,"Booker, Castillo and Beck",Chateauguay,Canada,3/31/2021,www.gutierrez.com,65de3b99000d169,Eriks Desbiens,FALSE,15,http://www.gutierrez.com/,,
,,,,,,,,,,,,,,143,landrybernard@email.com,Landry,Bernard,(907)325-7885x7308,762-711-5467x5074,Mercer-Booth,Montreal,Canada,6/30/2021,www.wyatt.com,7c4d91120008506,Bernard Landry,FALSE,15,http://www.wyatt.com/,,
,,,,,,,,,,,,,,144,murphyclaude@email.com,Murphy,Claude,499.678.2793x98018,001-516-823-2327,Thompson-Fritz,Mississauga,Canada,1/31/2021,www.velasquez-white.org,c9e794390005542,Claude Murphy,FALSE,15,http://www.velasquez-white.org/,,
,,,,,,,,,,,,,,145,labbeluc@email.com,L'Abbe,Luc,(333)046-0351x615,+1-201-503-1285x2179,"Fleming, Zamora and Graham",Laval,Canada,10/1/2021,www.owen.org,8583c042000ab06,Luc L'Abbe,FALSE,15,http://www.owen.org/,,
,,,,,,,,,,,,,,146,bicklejan@email.com,Bickle,Jan,001-678-518-4984,875-641-0333x950,Tanner-Richards,Ajax,Canada,10/31/2021,www.richard-horne.biz,e34d6275000fe9c,Jan Bickle,FALSE,15,http://www.richard-horne.biz/,,
,,,,,,,,,,,,,,147,gravelallen@email.com,Gravel,Allen,001-662-590-1788x0872,(143)161-4985x7802,Navarro-Payne,Montreal,Canada,5/14/2021,www.matthews-ware.com,5480657300036a3,Allen Gravel,FALSE,15,http://www.matthews-ware.com/,,
,,,,,,,,,,,,,,148,beaudoinwally@email.com,Beaudoin,Wally,815.244.2002x72047,6212709355,Conrad-Hanson,Saint-Laurent,Canada,2/17/2021,www.donaldson-vega.com,2bb8fa5b000cfa6,Wally Beaudoin,FALSE,15,http://www.donaldson-vega.com/,,
,,,,,,,,,,,,,,149,livingstonejohn@email.com,Livingstone,John,256-921-9316x481,530.747.6571x6219,Bernard and Sons,Kentville,Canada,8/22/2021,www.barron.com,94c76fb80001eae,John Livingstone,FALSE,15,http://www.barron.com/,,
,,,,,,,,,,,,,,150,dusomegeoff@email.com,Dusome,Geoff,159.547.6407,001-166-934-2168x4200,"Rodgers, Bullock and Daniels",Winnipeg,Canada,10/31/2021,colon.com,d350458b0004cfd,Geoff Dusome,FALSE,15,http://colon.com/,,
,,,,,,,,,,,,,,151,sauter millerroshni@email.com,Sauter Miller,Roshni,912.173.7608,126-581-3225x65166,"Schaefer, Hobbs and Wells",1000 San Jose,Costa Rica,10/30/2021,fritz-alexander.org,f0e1ba05000e97e,Roshni Sauter Miller,FALSE,15,http://fritz-alexander.org/,,
,,,,,,,,,,,,,,152,silvadavid@email.com,Silva,David,396.483.1471x07583,+1-496-386-6284x84289,Blackwell-Randall,6219 NT MAASSTRICHT,Netherlands,10/31/2021,randolph-kane.biz,d0982d120001a54,David Silva,FALSE,15,http://randolph-kane.biz/,,
,,,,,,,,,,,,,,153,bergkampbrian@email.com,Bergkamp,Brian,241.537.5263x1064,+1-091-580-3447x663,Perry and Sons,5685 BC BEST,Netherlands,7/24/2021,murray.com,23f287b4000c644,Brian Bergkamp,FALSE,15,http://murray.com/,,
,,,,,,,,,,,,,,154,daamendean@email.com,Daamen,Dean,807.797.8740,005-389-4368x70486,"Fleming, Johns and Morrow",3823 DP AMERSFOORT,Netherlands,7/15/2021,www.lin-flowers.com,9dcc2de80002802,Dean Daamen,FALSE,15,http://www.lin-flowers.com/,,
,,,,,,,,,,,,,,155,bechtelester@email.com,Bechte,Lester,159-731-3544x87205,752.880.9590x311,Ingram-Murphy,30459 Hannover,Germany,12/15/2020,booth.com,b6e1561d000832d,Lester Bechte,FALSE,15,http://booth.com/,,
,,,,,,,,,,,,,,156,meyersreinaldo@email.com,Meyers,Reinaldo,(020)378-7777x162,(551)426-3999x95752,"Parsons, Kerr and Robbins",Dhahran,Saudi Arabia,9/19/2021,www.austin.com,708e55d2000b7ff,Reinaldo Meyers,FALSE,15,http://www.austin.com/,,
,,,,,,,,,,,,,,157,peddie-vasquezlinda@email.com,Peddie-Vasquez,Linda,776.325.2657,793-131-4867,"Ali, Woodward and Woodard",Orangeville,Canada,2/27/2021,www.ayers-jensen.com,36460129000b2b2,Linda Peddie-Vasquez,FALSE,15,http://www.ayers-jensen.com/,,
,,,,,,,,,,,,,,158,remeckileigh@email.com,Remecki,Leigh,(981)851-6829,(443)349-2802x1242,"Galloway, Owen and Ibarra",Mirabel,Canada,5/31/2021,castillo.com,b4fd22c0000b3d4,Leigh Remecki,FALSE,15,http://castillo.com/,,
,,,,,,,,,,,,,,159,wesenbergcornelis@email.com,Wesenberg,Cornelis,578-124-7689x3297,069-988-0883,Zamora and Sons,Ottawa,Canada,11/30/2020,moon-parsons.com,7b1547420008669,Cornelis Wesenberg,FALSE,15,http://moon-parsons.com/,,
,,,,,,,,,,,,,,160,kaufmanalan@email.com,Kaufman,Alan,001-773-187-1234x94616,070-346-3476,Francis-Kline,Kitchener,Canada,1/8/2021,hooper-humphrey.com,0f30bc880001afb,Alan Kaufman,FALSE,15,http://hooper-humphrey.com/,,
,,,,,,,,,,,,,,161,ennsjohn@email.com,Enns,John,001-219-079-3350x2930,659-301-1825x6764,Jones and Sons,Calgary,Canada,4/24/2021,www.waller.com,5475367e000afff,John Enns,FALSE,15,http://www.waller.com/,,
,,,,,,,,,,,,,,162,myersharuki@email.com,Myers,Haruki,795-178-9635x4691,470-901-6154x7351,Montoya PLC,Mississauga,Canada,6/30/2021,www.rosario.com,704096a9000159f,Haruki Myers,FALSE,15,http://www.rosario.com/,,
,,,,,,,,,,,,,,163,homburgphillipe@email.com,Homburg,Phillipe,803.568.5156x37413,(534)578-6289,Pugh-Odom,4002 GB TIEL,Netherlands,5/16/2021,lawrence.biz,2498002b00043ff,Phillipe Homburg,FALSE,15,http://lawrence.biz/,,
,,,,,,,,,,,,,,164,ulmerdonald@email.com,Ulmer,Donald,5756499602,749-695-2828,Rhodes-Carter,Kanata,Canada,1/4/2021,kirk.org,b6c4beb200095a2,Donald Ulmer,FALSE,15,http://kirk.org/,,
,,,,,,,,,,,,,,165,alarieandre@email.com,Alarie,Andre,797.490.4550,930-650-3473x47188,Estrada-Atkins,Saint-Romuald,Canada,10/10/2021,www.boone.com,4600aa790000ad0,Andre Alarie,FALSE,15,http://www.boone.com/,,
,,,,,,,,,,,,,,166,francisellen@email.com,Francis,Ellen,174.469.3483x5013,001-603-374-1226x1406,Chan Ltd,Burnaby,Canada,11/30/2021,www.hess.net,683731790001f97,Ellen Francis,FALSE,15,http://www.hess.net/,,
,,,,,,,,,,,,,,167,droletramon@email.com,Drolet,Ramon,073.458.6092x9422,9434040481,Harrell PLC,Saint-Francois-de-la-Rivere-du-Sud,Canada,1/27/2021,frazier-stephenson.org,d0ff4fce0008fe0,Ramon Drolet,FALSE,15,http://frazier-stephenson.org/,,
,,,,,,,,,,,,,,168,belleypierre@email.com,Belley,Pierre,(220)915-3707x535,760-365-3897,Mayer PLC,Montreal,Canada,4/30/2021,nixon.com,0ce7992800084f5,Pierre Belley,FALSE,15,http://nixon.com/,,
,,,,,,,,,,,,,,169,zimmermannron@email.com,Zimmermann,Ron,(134)470-3456x44117,+1-195-208-7749x5746,"Bautista, Blevins and Joyce",Chateauguay,Canada,8/26/2021,bean.net,5ae398ee0005f05,Ron Zimmermann,FALSE,15,http://bean.net/,,
,,,,,,,,,,,,,,170,aaramfrancisco@email.com,Aaram,Francisco,(337)643-5663,182.859.7395x1302,Mercer and Sons,1346 GJETTUM,Norway,1/31/2021,www.nixon.com,91d459bf0006912,Francisco Aaram,FALSE,15,http://www.nixon.com/,,
,,,,,,,,,,,,,,171,brokerbruce@email.com,Broker,Bruce,437-970-3543x058,+1-484-993-6871x192,Cardenas-Carney,5627 HC Eindhoven,Netherlands,3/14/2021,blackwell-stout.net,f2037a290005196,Bruce Broker,FALSE,15,http://blackwell-stout.net/,,
,,,,,,,,,,,,,,172,mercuregarry@email.com,Mercure,Garry,(408)278-0968x17796,526.729.4712,Garrett-Gallagher,Pierrefond,Canada,2/29/2021,www.ruiz.com,97151c8a000f75d,Garry Mercure,FALSE,15,http://www.ruiz.com/,,
,,,,,,,,,,,,,,173,paquinhoward@email.com,Paquin,Howard,156-363-2974,101.514.2162x8945,"Keith, Howard and Hawkins",Ottawa,Canada,6/12/2021,www.livingston.com,79d2a7ca000dc8b,Howard Paquin,FALSE,15,http://www.livingston.com/,,
,,,,,,,,,,,,,,174,hoonhamid@email.com,Hoon,Hamid,6327004999,001-375-954-4398x4599,Huber-Castro,SINGAPORE,Singapore,6/28/2021,www.atkinson.net,7d84dfa000069a9,Hamid Hoon,FALSE,15,http://www.atkinson.net/,,
,,,,,,,,,,,,,,175,cookmarie@email.com,Cook,Marie,001-499-415-9248x7727,+1-960-370-6804x659,Rose Ltd,Vancouver,Canada,4/30/2021,www.glover.org,41e364a2000c92d,Marie Cook,FALSE,15,http://www.glover.org/,,
,,,,,,,,,,,,,,176,facconerobert@email.com,Faccone,Robert,894-188-0945x0557,8198087937,Gentry-Waters,Dorval,Canada,6/30/2021,jimenez.net,db8d0665000c4f9,Robert Faccone,FALSE,15,http://jimenez.net/,,
,,,,,,,,,,,,,,177,wadsworthdave@email.com,Wadsworth,Dave,001-744-078-1419x1464,(463)492-5230,Fisher PLC,Toronto,Canada,10/22/2021,coffey.net,02d954370002cc2,Dave Wadsworth,FALSE,15,http://coffey.net/,,
,,,,,,,,,,,,,,178,di marioross@email.com,Di Mario,Ross,-5013,467.716.8716x4461,"Thompson, Sellers and Lloyd",Stittsville,Canada,4/30/2021,fernandez.com,a3a6abaa000dd31,Ross Di Mario,FALSE,15,http://fernandez.com/,,
,,,,,,,,,,,,,,179,hickeyjohn@email.com,Hickey,John,4682694682,001-655-716-4940x871,"Rice, Gould and Mccall",Port Colborne,Canada,10/31/2021,www.phillips.info,7c30b44e0003333,John Hickey,FALSE,15,http://www.phillips.info/,,
,,,,,,,,,,,,,,180,shipleywilhelm@email.com,Shipley,Wilhelm,725.960.3587,6110447130,Cordova Group,Elmira,Canada,11/17/2021,www.jenkins-krueger.info,4af517a6000bd1a,Wilhelm Shipley,FALSE,15,http://www.jenkins-krueger.info/,,
,,,,,,,,,,,,,,181,desjardinsdavid@email.com,Desjardins,David,(836)038-9393x026,001-691-674-8671,Kramer-Parsons,Mont-Royal,Canada,3/19/2021,www.carr.org,655d3b22000d798,David Desjardins,FALSE,15,http://www.carr.org/,,
,,,,,,,,,,,,,,182,mcallisterbrent@email.com,McAllister,Brent,841.483.3064,(274)619-0114,Rice LLC,Niagara Falls,Canada,3/2/2021,monroe.info,3c85f0e1000dc19,Brent McAllister,FALSE,15,http://monroe.info/,,