Email,Last name,First name,Phone 1,Phone 2,Company,City,Country,Subscription Date,Website,Customer ID
sakaguchiabbas@email.com,Sakaguchi,Abbas,991-312-0859,447.581.1695x87012,Shannon-Harmon,North York,Canada,3/27/2021,curtis-archer.info,5f7ac6c60005f9f
dorionrichard@email.com,Dorion,Richard,+1-841-655-9574x649,+1-163-615-2531x196,Wilkinson Inc,Montreal,Canada,2/29/2021,barr.org,b1370f41000cd68
gougeonsanjay@email.com,Gougeon,Sanjay,8553315303,007-978-8023x5539,Reed-Duffy,Montreal,Canada,11/9/2020,chaney.info,8c7e05530005097
wrightmohamed@email.com,Wright,Mohamed,+1-976-946-9537x3871,855.438.3570,"Haynes, Combs and Murillo",Cambridge,Canada,5/31/2021,www.moore.com,b6a11d520006ce4
romanmarian@email.com,Roman,Marian,200.514.1049x8785,664.086.6720x31092,Ballard-Wagner,Cambridge,Canada,5/31/2021,myers.org,63448204000c7ea
mcdiarmidqasim@email.com,McDiarmid,Qasim,(697)793-1252x89047,715-480-1272x800,Craig-Terrell,Cumberland,Canada,12/11/2020,www.kelly.com,53ba6069000a8a0
ouelletanthony@email.com,Ouellet,Anthony,001-423-840-8414x8487,+1-669-970-7521x862,Parker-Silva,Mont-Royal,Canada,11/16/2021,www.park.com,341d687b00077b5
luehofbill@email.com,Luehof,Bill,099.650.6578x8956,938.824.8764,Morgan LLC,North York,Canada,5/31/2021,waller.com,0a7601ab000b140
allairetony@email.com,Allaire,Tony,001-462-834-1009x40782,+1-819-553-6170x0036,"Allison, Ward and Lynn",St Bonaventure,Canada,3/31/2021,www.sanford.info,c75d2675000c705
kitherluc@email.com,Kither,Luc,1210697901,012-717-5375,"Andersen, Gaines and Norman",ARMADALE,Australia,11/30/2021,ellison-cobb.com,6c2e2c1e000b521
allisonchristian@email.com,Allison,Christian,(769)024-8085,001-959-534-1765,"Marshall, Warren and Holloway",Oakville,Canada,4/5/2021,gonzales.com,4fdf88c20007f1b
fooioan@email.com,Foo,Ioan,077.521.8857,491-663-4316,Estes Ltd,Singapore 548241,Singapore,12/31/2020,lester.net,91e8e9370008150
raskomohammed@email.com,Rasko,Mohammed,338-335-9171x416,+1-767-741-2616x384,Fuller Ltd,Edmonton,Canada,8/17/2021,hardin.net,0fd046fa000e556
johnstonhenry@email.com,Johnston,Henry,(017)947-6945x09659,001-952-225-1045x832,"Werner, Best and Hurley",Guelph,Canada,3/6/2021,bartlett.com,4741f7e200091f2
flemingmaureen@email.com,Fleming,Maureen,(815)925-7175x4081,(616)615-9255,"Rogers, Boyle and Farmer",Calgary,Canada,7/29/2021,stephens.net,2be87f8a000511c
tsengmichael@email.com,Tseng,Michael,+1-122-513-5302x06880,296.634.2399x39373,Gonzalez-Hurley,Hsin-Chu 300,Taiwan,12/8/2021,www.mayo.com,8468dc0600069d5
longleymichael@email.com,Longley,Michael,(156)633-3743x2060,001-549-475-9969x0352,Johnson Ltd,Newmarket,Canada,10/31/2021,wood.org,ba61708e0009f2a
frankadil@email.com,Frank,Adil,(603)991-6573,001-566-074-0373x42276,Dougherty LLC,D-97502 Euerbach,Germany,4/24/2021,www.goodman.com,ebc7ee1100054b5
arbuthnotvanel@email.com,Arbuthnot,Vanel,627.385.1633x91447,118.872.5638,Lamb LLC,Toronto,Canada,11/10/2020,www.mills.com,368158af000b685
blackwelllee@email.com,Blackwell,Lee,001-046-751-3833x493,323.710.2957x327,Osborne Ltd,Ottawa,Canada,12/3/2020,perkins.net,973fcf2f000373a
greentania@email.com,Green,Tania,7856729623,350-407-8640,Price-Benton,Brockville,Canada,12/31/2021,www.jenkins-harrison.net,528662ba000f57e
dickinsonron@email.com,Dickinson,Ron,001-928-124-3993x62776,001-999-745-4235,"Reynolds, Curtis and Lamb",300191 Tianjin,China,8/2/2021,gallagher-ellison.biz,7cca4ffd000be28
townsendelizabeth@email.com,Townsend,Elizabeth,110.119.5793,(564)069-5663x26208,Horne and Sons,Surrey,Canada,5/31/2021,knapp-mcpherson.com,f0397c550004550
soongdanielle@email.com,Soong,Danielle,319-180-7553,070.231.7216x874,"Kaufman, Rangel and Beck",Thornhill,Canada,9/30/2021,humphrey.com,ac12a3470000f20
boswellrichard@email.com,Boswell,Richard,451-227-6682,624.936.0823,Vega Ltd,Sandton,South Africa,4/30/2021,kent.biz,2ddd5094000718d
mailledonald@email.com,Maille,Donald,001-297-402-3698x6550,3852076147,Blankenship Group,Montreal,Canada,6/28/2021,www.pacheco-hodges.org,265ef559000363e
bowersjean-marc@email.com,Bowers,Jean-Marc,918.645.0324,196-586-9447x4670,Colon-Drake,Walkerton,Canada,9/30/2021,www.serrano-lang.biz,9110afd8000bacd
robergepeter@email.com,Roberge,Peter,659-811-0503x688,(830)120-2630,Rollins Ltd,Pointe-Claire,Canada,6/30/2021,www.soto-rocha.com,bc93d589000f751
newtonferdinando@email.com,Newton,Ferdinando,(603)418-3398,489-980-5927x13098,"Malone, Rowland and Bullock",Roseneath,Canada,7/17/2021,guerrero-horne.com,880370b20006a90
cornelissenpeter@email.com,Cornelissen,Peter,(479)559-6654x369,834-594-5128x556,Townsend-Weber,London,Canada,11/16/2021,mcintosh-bishop.com,7d5d5825000e8dd
beaudoinshellie@email.com,Beaudoin,Shellie,+1-897-696-6031x3653,273.443.5672x527,Spears LLC,Boucherville,Canada,12/15/2020,www.underwood.com,274042a600036f9
cowansrikanth@email.com,Cowan,Srikanth,575.959.4454x2883,(913)040-5595x86422,Holmes-Walls,Toronto,Canada,12/18/2021,www.dean.biz,5dd98868000576b
companysroger@email.com,Companys,Roger,397-504-3967x1627,400.296.8618x968,Huynh-Phillips,08029 Barcelona,Spain,5/31/2021,www.dalton.com,1b3f3c67000153b
gloutnaydon@email.com,Gloutnay,Don,870-417-5661x107,001-793-402-5061x556,Cohen-Henderson,La Prairie,Canada,10/31/2021,lynn.com,46407fa1000d879
tardimohammed@email.com,Tardi,Mohammed,366.661.5271x8254,785.359.4718x9134,Bowen Inc,Coquitlam,Canada,9/19/2021,brown.biz,677744a7000b961
alonsomichael@email.com,Alonso,Michael,380.617.7801x03749,(114)259-4382x840,"Hogan, Rice and Roy",28036 MADRID,Spain,3/13/2021,www.cooke.com,e57009fb000360d
legentilcharles@email.com,Legentil,Charles,061-967-9081,-3470,Farrell-Bryan,Saint-Laurent,Canada,6/30/2021,zamora-ross.org,5e0a9370000fa31
fielenbachgordon@email.com,Fielenbach,Gordon,(079)417-9763x1173,+1-729-401-8838x87500,Boyer-Hart,D-79713 Bad Saeckingen,Germany,6/30/2021,estes.com,8ed7610e000c203
verwoerdrobert@email.com,Verwoerd,Robert,236.969.0967,001-632-797-8496x863,Glover-Roberts,6644 AZ Ewijk,Netherlands,3/14/2021,www.anthony-davis.info,b3f21c34000a8eb
brunsj clark@email.com,Bruns,J Clark,(504)650-1379,4712298657,Mckenzie-Simon,Cambridge,Canada,5/31/2021,www.barry.com,dcc238810005788
desbienseriks@email.com,Desbiens,Eriks,(996)187-8214,052.968.8180,"Booker, Castillo and Beck",Chateauguay,Canada,3/31/2021,www.gutierrez.com,5700bb140003997
landrybernard@email.com,Landry,Bernard,(907)325-7885x7308,762-711-5467x5074,Mercer-Booth,Montreal,Canada,6/30/2021,www.wyatt.com,b2f9fbbd00044b2
murphyclaude@email.com,Murphy,Claude,499.678.2793x98018,001-516-823-2327,Thompson-Fritz,Mississauga,Canada,1/31/2021,www.velasquez-white.org,026d28d7000c8b8
labbeluc@email.com,L'Abbe,Luc,(333)046-0351x615,+1-201-503-1285x2179,"Fleming, Zamora and Graham",Laval,Canada,10/1/2021,www.owen.org,f3227ca8000ab61
bicklejan@email.com,Bickle,Jan,001-678-518-4984,875-641-0333x950,Tanner-Richards,Ajax,Canada,10/31/2021,www.richard-horne.biz,60cfb1640008b38
gravelallen@email.com,Gravel,Allen,001-662-590-1788x0872,(143)161-4985x7802,Navarro-Payne,Montreal,Canada,5/14/2021,www.matthews-ware.com,7746e96b0007183
beaudoinwally@email.com,Beaudoin,Wally,815.244.2002x72047,6212709355,Conrad-Hanson,Saint-Laurent,Canada,2/17/2021,www.donaldson-vega.com,75308954000ddbf
livingstonejohn@email.com,Livingstone,John,256-921-9316x481,530.747.6571x6219,Bernard and Sons,Kentville,Canada,8/22/2021,www.barron.com,97e17f49000126b
dusomegeoff@email.com,Dusome,Geoff,159.547.6407,001-166-934-2168x4200,"Rodgers, Bullock and Daniels",Winnipeg,Canada,10/31/2021,colon.com,a4ffb81f0000695
sauter millerroshni@email.com,Sauter Miller,Roshni,912.173.7608,126-581-3225x65166,"Schaefer, Hobbs and Wells",1000 San Jose,Costa Rica,10/30/2021,fritz-alexander.org,e21cd4e10009571
silvadavid@email.com,Silva,David,396.483.1471x07583,+1-496-386-6284x84289,Blackwell-Randall,6219 NT MAASSTRICHT,Netherlands,10/31/2021,randolph-kane.biz,381a52290009f3a
bergkampbrian@email.com,Bergkamp,Brian,241.537.5263x1064,+1-091-580-3447x663,Perry and Sons,5685 BC BEST,Netherlands,7/24/2021,murray.com,2fd25e2c000bfe5
daamendean@email.com,Daamen,Dean,807.797.8740,005-389-4368x70486,"Fleming, Johns and Morrow",3823 DP AMERSFOORT,Netherlands,7/15/2021,www.lin-flowers.com,3526e27e0006018
bechtelester@email.com,Bechte,Lester,159-731-3544x87205,752.880.9590x311,Ingram-Murphy,30459 Hannover,Germany,12/15/2020,booth.com,a69e3c8a000cd37
meyersreinaldo@email.com,Meyers,Reinaldo,(020)378-7777x162,(551)426-3999x95752,"Parsons, Kerr and Robbins",Dhahran,Saudi Arabia,9/19/2021,www.austin.com,1e07bc190003f90
peddie-vasquezlinda@email.com,Peddie-Vasquez,Linda,776.325.2657,793-131-4867,"Ali, Woodward and Woodard",Orangeville,Canada,2/27/2021,www.ayers-jensen.com,f15ee3d600075cb
remeckileigh@email.com,Remecki,Leigh,(981)851-6829,(443)349-2802x1242,"Galloway, Owen and Ibarra",Mirabel,Canada,5/31/2021,castillo.com,2f2fb8410006f10
wesenbergcornelis@email.com,Wesenberg,Cornelis,578-124-7689x3297,069-988-0883,Zamora and Sons,Ottawa,Canada,11/30/2020,moon-parsons.com,4708dfe7000e5fe
kaufmanalan@email.com,Kaufman,Alan,001-773-187-1234x94616,070-346-3476,Francis-Kline,Kitchener,Canada,1/8/2021,hooper-humphrey.com,761fd5aa0000000
ennsjohn@email.com,Enns,John,001-219-079-3350x2930,659-301-1825x6764,Jones and Sons,Calgary,Canada,4/24/2021,www.waller.com,899a87f800059ec
myersharuki@email.com,Myers,Haruki,795-178-9635x4691,470-901-6154x7351,Montoya PLC,Mississauga,Canada,6/30/2021,www.rosario.com,d927fe9d000b85d
homburgphillipe@email.com,Homburg,Phillipe,803.568.5156x37413,(534)578-6289,Pugh-Odom,4002 GB TIEL,Netherlands,5/16/2021,lawrence.biz,e9ccd7770009d6a
ulmerdonald@email.com,Ulmer,Donald,5756499602,749-695-2828,Rhodes-Carter,Kanata,Canada,1/4/2021,kirk.org,885274a7000cfe7
alarieandre@email.com,Alarie,Andre,797.490.4550,930-650-3473x47188,Estrada-Atkins,Saint-Romuald,Canada,10/10/2021,www.boone.com,c6cdbc8f000640b
francisellen@email.com,Francis,Ellen,174.469.3483x5013,001-603-374-1226x1406,Chan Ltd,Burnaby,Canada,11/30/2021,www.hess.net,56fc749c000c067
droletramon@email.com,Drolet,Ramon,073.458.6092x9422,9434040481,Harrell PLC,Saint-Francois-de-la-Rivere-du-Sud,Canada,1/27/2021,frazier-stephenson.org,47377411000cfa7
belleypierre@email.com,Belley,Pierre,(220)915-3707x535,760-365-3897,Mayer PLC,Montreal,Canada,4/30/2021,nixon.com,2632f6270000115
zimmermannron@email.com,Zimmermann,Ron,(134)470-3456x44117,+1-195-208-7749x5746,"Bautista, Blevins and Joyce",Chateauguay,Canada,8/26/2021,bean.net,1513a7760009bdd
aaramfrancisco@email.com,Aaram,Francisco,(337)643-5663,182.859.7395x1302,Mercer and Sons,1346 GJETTUM,Norway,1/31/2021,www.nixon.com,b8c665390004ecb
brokerbruce@email.com,Broker,Bruce,437-970-3543x058,+1-484-993-6871x192,Cardenas-Carney,5627 HC Eindhoven,Netherlands,3/14/2021,blackwell-stout.net,73810d5d00076a6
mercuregarry@email.com,Mercure,Garry,(408)278-0968x17796,526.729.4712,Garrett-Gallagher,Pierrefond,Canada,2/29/2021,www.ruiz.com,bf05bc6c00033a4
paquinhoward@email.com,Paquin,Howard,156-363-2974,101.514.2162x8945,"Keith, Howard and Hawkins",Ottawa,Canada,6/12/2021,www.livingston.com,eb3b9cda000f6d4
hoonhamid@email.com,Hoon,Hamid,6327004999,001-375-954-4398x4599,Huber-Castro,SINGAPORE,Singapore,6/28/2021,www.atkinson.net,1f75989500075f4
cookmarie@email.com,Cook,Marie,001-499-415-9248x7727,+1-960-370-6804x659,Rose Ltd,Vancouver,Canada,4/30/2021,www.glover.org,2f87a62000037b9
facconerobert@email.com,Faccone,Robert,894-188-0945x0557,8198087937,Gentry-Waters,Dorval,Canada,6/30/2021,jimenez.net,699f0c1c000ad6f
wadsworthdave@email.com,Wadsworth,Dave,001-744-078-1419x1464,(463)492-5230,Fisher PLC,Toronto,Canada,10/22/2021,coffey.net,48d0f0aa0002722
di marioross@email.com,Di Mario,Ross,-5013,467.716.8716x4461,"Thompson, Sellers and Lloyd",Stittsville,Canada,4/30/2021,fernandez.com,278b339a0004b10
hickeyjohn@email.com,Hickey,John,4682694682,001-655-716-4940x871,"Rice, Gould and Mccall",Port Colborne,Canada,10/31/2021,www.phillips.info,b60e6c920008dab
shipleywilhelm@email.com,Shipley,Wilhelm,725.960.3587,6110447130,Cordova Group,Elmira,Canada,11/17/2021,www.jenkins-krueger.info,9546c56400094f3
desjardinsdavid@email.com,Desjardins,David,(836)038-9393x026,001-691-674-8671,Kramer-Parsons,Mont-Royal,Canada,3/19/2021,www.carr.org,a776d0ca0006312
mcallisterbrent@email.com,McAllister,Brent,841.483.3064,(274)619-0114,Rice LLC,Niagara Falls,Canada,3/2/2021,monroe.info,0200cce40009c0a