Index,CustomerId,length of customer id,Name,First Name,Last Name,Company,City,Country,Phone 1,Phone 2,Email,Subscription Date,Website,Phone 1,Extension,,Missing Phone,count,Formatted website
1,DD37Cf93aecA6Dc,15,Sheryl Baxter,Sheryl,Baxter,Rasmussen Group,East Leonard,Chile,229.077.5154,397.884.0519x718,zunigavanessa@smith.info,8/24/2020,http://www.stephenson.com/,229-077-5154,,,FALSE,81,http://http://www.stephenson.com//
2,1Ef7b82A4CAAD10,15,Preston Lozano,Preston,Lozano,Vega-Gentry,East Jimmychester,Djibouti,5153435776,686-620-1820x944,vmata@colon.com,4/23/2021,http://www.hobbs.com/,515-343-5776,,5153435776,FALSE,,http://http://www.hobbs.com//
3,6F94879bDAfE5a6,15,Roy Berry,Roy,Berry,Murillo-Perry,Isabelborough,Antigua and Barbuda,-1199,(496)978-3969x58947,beckycarr@hogan.com,3/25/2020,http://www.lawrence.com/,-1199,,,FALSE,,http://http://www.lawrence.com//
4,5Cef8BFA16c5e3c,15,Linda Olsen,Linda,Olsen,"Dominguez, Mcmillan and Donovan",Bensonview,Dominican Republic,001-808-617-6467x12895,-9892,stanleyblackwell@benson.org,6/2/2020,http://www.good-lyons.com/,808-617-6467,12895,,FALSE,,http://http://www.good-lyons.com//
5,053d585Ab6b3159,15,Joanna Bender,Joanna,Bender,"Martin, Lang and Andrade",West Priscilla,Slovakia (Slovak Republic),001-234-203-0635x76146,001-199-446-3860x3486,colinalvarado@miles.net,4/17/2021,https://goodwin-ingram.com/,234-203-0635,76146,,FALSE,,http://https://goodwin-ingram.com//
6,2d08FB17EE273F4,15,Aimee Downs,Aimee,Downs,Steele Group,Chavezborough,Bosnia and Herzegovina,(283)437-3886x88321,999-728-1637,louis27@gilbert.com,2/25/2020,http://www.berger.net/,283-437-3886,88321,,FALSE,,http://http://www.berger.net//
7,EA4d384DfDbBf77,15,Darren Peck,Darren,Peck,"Lester, Woodard and Mitchell",Lake Ana,Pitcairn Islands,(496)452-6181x3291,+1-247-266-0963x4995,tgates@cantrell.com,8/24/2021,https://www.le.com/,496-452-6181,3291,,FALSE,,http://https://www.le.com//
8,0e04AFde9f225dE,15,Brett Mullen,Brett,Mullen,"Sanford, Davenport and Giles",Kimport,Bulgaria,001-583-352-7197x297,001-333-145-0369,asnow@colon.com,4/12/2021,https://hammond-ramsey.com/,583-352-7197,297,,FALSE,,http://https://hammond-ramsey.com//
9,C2dE4dEEc489ae0,15,Sheryl Meyers,Sheryl,Meyers,Browning-Simon,Robersonstad,Cyprus,854-138-4911x5772,+1-448-910-2276x729,mariokhan@ryan-pope.org,1/13/2020,https://www.bullock.net/,854-138-4911,5772,,FALSE,,http://https://www.bullock.net//
10,8C2811a503C7c5a,15,Michelle Gallagher,Michelle,Gallagher,Beck-Hendrix,Elaineberg,Timor-Leste,739.218.2516x459,001-054-401-0347x617,mdyer@escobar.net,11/8/2021,https://arias.com/,739-218-2516,459,,FALSE,,http://https://arias.com//
11,216E205d6eBb815,15,Carl Schroeder,Carl,Schroeder,"Oconnell, Meza and Everett",Shannonville,Guernsey,637-854-0256x825,114.336.0784x788,kirksalas@webb.com,10/20/2021,https://simmons-hurley.com/,637-854-0256,825,,FALSE,,http://https://simmons-hurley.com//
12,CEDec94deE6d69B,15,Jenna Dodson,Jenna,Dodson,"Hoffman, Reed and Mcclain",East Andrea,Vietnam,(041)737-3846,+1-556-888-3485x42608,mark42@robbins.com,11/29/2020,http://www.douglas.net/,041-737-3846,,,FALSE,,http://http://www.douglas.net//
13,e35426EbDEceaFF,15,Tracey Mata,Tracey,Mata,Graham-Francis,South Joannamouth,Togo,001-949-844-8787,(855)713-8773,alex56@walls.org,12/2/2021,http://www.beck.com/,949-844-8787,,,FALSE,,http://http://www.beck.com//
14,A08A8aF8BE9FaD4,15,Kristine Cox,Kristine,Cox,Carpenter-Cook,Jodyberg,Sri Lanka,786-284-3358x62152,+1-315-627-1796x8074,holdenmiranda@clarke.com,2/8/2021,https://www.brandt.com/,786-284-3358,62152,,FALSE,,http://https://www.brandt.com//
15,6fEaA1b7cab7B6C,15,Faith Lutz,Faith,Lutz,Carter-Hancock,Burchbury,Singapore,(781)861-7180x8306,207-185-3665,cassieparrish@blevins-chapman.net,1/26/2022,http://stevenson.org/,781-861-7180,8306,,FALSE,,http://http://stevenson.org//
16,8cad0b4CBceaeec,15,Miranda Beasley,Miranda,Beasley,Singleton and Sons,Desireeshire,Oman,540.085.3135x185,+1-600-462-6432x21881,vduncan@parks-hardy.com,4/12/2022,http://acosta.org/,540-085-3135,185,,FALSE,,http://http://acosta.org//
17,a5DC21AE3a21eaA,15,Caroline Foley,Caroline,Foley,Winters-Mendoza,West Adriennestad,Western Sahara,936.222.4746x9924,001-469-948-6341x359,holtgwendolyn@watson-davenport.com,3/10/2021,http://www.benson-roth.com/,936-222-4746,9924,,FALSE,,http://http://www.benson-roth.com//
18,F8Aa9d6DfcBeeF8,15,Greg Mata,Greg,Mata,Valentine LLC,Lake Leslie,Mozambique,(701)087-2415,(195)156-1861x26241,jaredjuarez@carroll.org,3/26/2022,http://pitts-cherry.com/,701-087-2415,,,FALSE,,http://http://pitts-cherry.com//
19,F160f5Db3EfE973,15,Clifford Jacobson,Clifford,Jacobson,Simon LLC,Harmonview,South Georgia and the South Sandwich Islands,001-151-330-3524x0469,(748)477-7174,joseph26@jacobson.com,9/24/2020,https://mcconnell.com/,151-330-3524,469,,FALSE,,http://https://mcconnell.com//
20,0F60FF3DdCd7aB0,15,Joanna Kirk,Joanna,Kirk,Mays-Mccormick,Jamesshire,French Polynesia,(266)131-7001x711,(283)312-5579x11543,tuckerangie@salazar.net,9/24/2021,https://www.camacho.net/,266-131-7001,711,,FALSE,,http://https://www.camacho.net//
21,9F9AdB7B8A6f7F2,15,Maxwell Frye,Maxwell,Frye,Patterson Inc,East Carly,Malta,423.262.3059,202-880-0688x7491,fgibson@drake-webb.com,1/12/2022,http://www.roberts.com/,423-262-3059,,,FALSE,,http://http://www.roberts.com//
22,FBd0Ded4F02a742,15,Kiara Houston,Kiara,Houston,"Manning, Hester and Arroyo",South Alvin,Netherlands,001-274-040-3582x10611,+1-528-175-0973x4684,blanchardbob@wallace-shannon.com,9/15/2020,https://www.reid-potts.com/,274-040-3582,10611,,FALSE,,http://https://www.reid-potts.com//
23,2FB0FAA1d429421,15,Colleen Howard,Colleen,Howard,Greer and Sons,Brittanyview,Paraguay,1935085151,(947)115-7711x5488,rsingleton@ryan-cherry.com,8/19/2020,http://paul.biz/,193-508-5151,,1935085151,FALSE,,http://http://paul.biz//
24,010468dAA11382c,15,Janet Valenzuela,Janet,Valenzuela,Watts-Donaldson,Veronicamouth,Lao People's Democratic Republic,354.259.5062x7538,500.433.2022,stefanie71@spence.com,9/8/2020,https://moreno.biz/,354-259-5062,7538,,FALSE,,http://https://moreno.biz//
25,eC1927Ca84E033e,15,Shane Wilcox,Shane,Wilcox,Tucker LLC,Bryanville,Albania,(429)005-9030x11004,541-116-4501,mariah88@santos.com,4/6/2021,https://www.ramos.com/,429-005-9030,11004,,FALSE,,http://https://www.ramos.com//
26,09D7D7C8Fe09aea,15,Marcus Moody,Marcus,Moody,Giles Ltd,Kaitlyntown,Panama,674-677-8623,909-277-5485x566,donnamullins@norris-barrett.org,5/24/2022,https://www.curry.com/,674-677-8623,,,FALSE,,http://https://www.curry.com//
27,aBdfcF2c50b0bfD,15,Dakota Poole,Dakota,Poole,Simmons Group,Michealshire,Belarus,(371)987-8576x4720,071-152-1376,stacey67@fields.org,2/20/2022,https://sanford-wilcox.biz/,371-987-8576,4720,,FALSE,,http://https://sanford-wilcox.biz//
28,b92EBfdF8a3f0E6,15,Frederick Harper,Frederick,Harper,"Hinton, Chaney and Stokes",South Marissatown,Switzerland,+1-077-121-1558x0687,264.742.7149,jacobkhan@bright.biz,5/26/2022,https://callahan.org/,-1755,687,,FALSE,,http://https://callahan.org//
29,3B5dAAFA41AFa22,15,Stefanie Fitzpatrick,Stefanie,Fitzpatrick,Santana-Duran,Acevedoville,Saint Vincent and the Grenadines,(752)776-3286,+1-472-021-4814x85074,wterrell@clark.com,7/30/2020,https://meyers.com/,752-776-3286,,,FALSE,,http://https://meyers.com//
30,EDA69ca7a6e96a2,15,Kent Bradshaw,Kent,Bradshaw,Sawyer PLC,North Harold,Tanzania,+1-472-143-5037x884,126.922.6153,qjimenez@boyd.com,4/26/2020,http://maynard-ho.com/,-5651,884,,FALSE,,http://http://maynard-ho.com//
31,64DCcDFaB9DFd4e,15,Jack Tate,Jack,Tate,"Acosta, Petersen and Morrow",West Samuel,Zimbabwe,965-108-4406x20714,046.906.1442x6784,gfigueroa@boone-zavala.com,9/15/2021,http://www.hawkins-ramsey.com/,965-108-4406,20714,,FALSE,,http://http://www.hawkins-ramsey.com//
32,679c6c83DD872d6,15,Tom Trujillo,Tom,Trujillo,Mcgee Group,Cunninghamborough,Denmark,416-338-3758,(775)890-7209,tapiagreg@beard.info,1/13/2022,http://www.daniels-klein.com/,416-338-3758,,,FALSE,,http://http://www.daniels-klein.com//
33,7Ce381e4Afa4ba9,15,Gabriel Mejia,Gabriel,Mejia,Adkins-Salinas,Port Annatown,Liechtenstein,4077245425,646.044.0696x66800,coleolson@jennings.net,4/24/2021,https://patel-hanson.info/,407-724-5425,,4077245425,FALSE,,http://https://patel-hanson.info//
34,A09AEc6E3bF70eE,15,Kaitlyn Santana,Kaitlyn,Santana,Herrera Group,New Kaitlyn,United States of America,6303643286,447-710-6202x07313,georgeross@miles.org,9/21/2021,http://pham.com/,630-364-3286,,6303643286,FALSE,,http://http://pham.com//
35,aA9BAFfBc3710fe,15,Faith Moon,Faith,Moon,"Waters, Chase and Aguilar",West Marthaburgh,Bahamas,+1-586-217-0359x6317,-2419,willistonya@randolph-baker.com,11/3/2021,https://spencer-charles.info/,-1161,6317,,FALSE,,http://https://spencer-charles.info//
36,E11dfb2DB8C9f72,15,Tammie Haley,Tammie,Haley,"Palmer, Barnes and Houston",East Teresa,Belize,001-276-734-4113x6087,(430)300-8770,harrisisaiah@jenkins.com,1/4/2022,http://evans-simon.com/,276-734-4113,6087,,FALSE,,http://http://evans-simon.com//
37,889eCf90f68c5Da,15,Nicholas Sosa,Nicholas,Sosa,Jordan Ltd,South Hunter,Uruguay,(661)425-6042,975-998-1519,fwolfe@dorsey.com,8/10/2021,https://www.fleming-richards.com/,661-425-6042,,,FALSE,,http://https://www.fleming-richards.com//
38,7a1Ee69F4fF4B4D,15,Jordan Gay,Jordan,Gay,Glover and Sons,South Walter,Solomon Islands,7208417020,8035336772,tiffanydavies@harris-mcfarland.org,2/24/2021,http://www.lee.org/,720-841-7020,,7208417020,FALSE,,http://http://www.lee.org//
39,dca4f1D0A0fc5c9,15,Bruce Esparza,Bruce,Esparza,Huerta-Mclean,Poolefurt,Montenegro,559-529-4424,001-625-000-7132x0367,preese@frye-vega.com,10/22/2021,http://www.farley.org/,559-529-4424,,,FALSE,,http://http://www.farley.org//
40,17aD8e2dB3df03D,15,Sherry Garza,Sherry,Garza,Anderson Ltd,West John,Poland,001-067-713-6440x158,(978)289-8785x5766,ann48@miller.com,11/1/2021,http://spence.com/,067-713-6440,158,,FALSE,,http://http://spence.com//
41,2f79Cd309624Abb,15,Natalie Gentry,Natalie,Gentry,Monroe PLC,West Darius,Dominican Republic,830.996.8238,499.122.5415,tcummings@fitzpatrick-ashley.com,10/10/2020,http://www.dorsey.biz/,830-996-8238,,,FALSE,,http://http://www.dorsey.biz//
42,6e5ad5a5e2bB5Ca,15,Bryan Dunn,Bryan,Dunn,Kaufman and Sons,North Jimstad,Burkina Faso,001-710-802-5565,078.699.8982x13881,woodwardandres@phelps.com,9/8/2021,http://www.butler.com/,710-802-5565,,,FALSE,,http://http://www.butler.com//
43,7E441b6B228DBcA,15,Wayne Simpson,Wayne,Simpson,Perkins-Trevino,East Rebekahborough,Bolivia,(344)156-8632x1869,463-445-3702x38463,barbarapittman@holder.com,12/13/2020,https://gillespie-holder.com/,344-156-8632,1869,,FALSE,,http://https://gillespie-holder.com//
44,D3fC11A9C235Dc6,15,Luis Greer,Luis,Greer,Cross PLC,North Drew,Bulgaria,001-336-025-6849x701,684.698.2911x6092,bstuart@williamson-mcclure.com,5/15/2022,https://fletcher-nielsen.com/,336-025-6849,701,,FALSE,,http://https://fletcher-nielsen.com//
45,30Dfa48fe5Ede78,15,Rhonda Frost,Rhonda,Frost,"Herrera, Shepherd and Underwood",Lake Lindaburgh,Monaco,(127)081-9339,+1-431-028-3337x3492,zkrueger@wolf-chavez.net,12/6/2021,http://www.khan.com/,127-081-9339,,,FALSE,,http://http://www.khan.com//
46,fD780ED8dbEae7B,15,Joanne Montes,Joanne,Montes,"Price, Sexton and Mcdaniel",Gwendolynview,Palau,(897)726-7952,(467)886-9467x5721,juan80@henson.net,7/1/2020,http://ochoa.com/,897-726-7952,,,FALSE,,http://http://ochoa.com//
47,300A40d3ce24bBA,15,Geoffrey Guzman,Geoffrey,Guzman,Short-Wiggins,Zimmermanland,Uzbekistan,975.235.8921x269,(983)188-6873,bauercrystal@gay.com,4/23/2020,https://decker-kline.com/,975-235-8921,269,,FALSE,,http://https://decker-kline.com//
48,283DFCD0Dba40aF,15,Gloria Mccall,Gloria,Mccall,"Brennan, Acosta and Ramos",North Kerriton,Ghana,445-603-6729,001-395-959-4736x4524,bartlettjenna@zuniga-moss.biz,3/11/2022,http://burgess-frank.com/,445-603-6729,,,FALSE,,http://http://burgess-frank.com//
49,F4Fc91fEAEad286,15,Brady Cohen,Brady,Cohen,Osborne-Erickson,North Eileenville,United Arab Emirates,741.849.0139x524,+1-028-691-7497x0894,mccalltyrone@durham-rose.biz,3/10/2022,http://hammond-barron.com/,741-849-0139,524,,FALSE,,http://http://hammond-barron.com//
50,80F33Fd2AcebF05,15,Latoya Mccann,Latoya,Mccann,"Hobbs, Garrett and Sanford",Port Sergiofort,Belarus,(530)287-4548x29481,162-234-0249x32790,bobhammond@barry.biz,12/2/2021,https://www.burton.com/,530-287-4548,29481,,FALSE,,http://https://www.burton.com//
51,Aa20BDe68eAb0e9,15,Gerald Hawkins,Gerald,Hawkins,"Phelps, Forbes and Koch",New Alberttown,Canada,+1-323-239-1456x96168,(092)508-0269,uwarner@steele-arias.com,3/19/2021,https://valenzuela.com/,-2017,96168,,FALSE,,http://https://valenzuela.com//
52,e898eEB1B9FE22b,15,Samuel Crawford,Samuel,Crawford,"May, Goodwin and Martin",South Jasmine,Algeria,802-242-7457,626.116.9535x8578,xpittman@ritter-carney.net,3/27/2021,https://guerrero.org/,802-242-7457,,,FALSE,,http://https://guerrero.org//
53,faCEF517ae7D8eB,15,Patricia Goodwin,Patricia,Goodwin,"Christian, Winters and Ellis",Cowanfort,Swaziland,322.549.7139x70040,(111)741-4173,vaughanchristy@lara.biz,3/8/2021,http://clark.info/,322-549-7139,70040,,FALSE,,http://http://clark.info//
54,c09952De6Cda8aA,15,Stacie Richard,Stacie,Richard,Byrd Inc,New Deborah,Madagascar,001-622-948-3641x24810,001-731-168-2893x8891,clinton85@colon-arias.org,10/15/2020,https://kim.com/,622-948-3641,24810,,FALSE,,http://https://kim.com//
55,f3BEf3Be028166f,15,Robin West,Robin,West,"Nixon, Blackwell and Sosa",Wallstown,Ecuador,698.303.4267,001-683-837-7651x525,greenemiranda@zimmerman.com,1/13/2022,https://www.mora.com/,698-303-4267,,,FALSE,,http://https://www.mora.com//
56,C6F2Fc6a7948a4e,15,Ralph Haas,Ralph,Haas,Montes PLC,Lake Ellenchester,Palestinian Territory,2239271999,001-962-434-0867x649,goodmancesar@figueroa.biz,5/25/2020,http://may.com/,223-927-1999,,2239271999,FALSE,,http://http://may.com//
57,c8FE57cBBdCDcb2,15,Phyllis Maldonado,Phyllis,Maldonado,Costa PLC,Lake Whitney,Saint Barthelemy,4500370767,001-508-064-6725x017,yhanson@warner-diaz.org,1/25/2021,http://www.bernard.com/,450-037-0767,,4500370767,FALSE,,http://http://www.bernard.com//
58,B5acdFC982124F2,15,Danny Parrish,Danny,Parrish,Novak LLC,East Jaredbury,United Arab Emirates,(669)384-8597x8794,506.731.5952x571,howelldarren@house-cohen.com,3/17/2021,http://www.parsons-hudson.com/,669-384-8597,8794,,FALSE,,http://http://www.parsons-hudson.com//
59,8c7DdF10798bCC3,15,Kathy Hill,Kathy,Hill,"Moore, Mccoy and Glass",Selenabury,South Georgia and the South Sandwich Islands,001-171-716-2175x310,888.625.0654,ncamacho@boone-simmons.org,11/15/2020,http://hayden.com/,171-716-2175,310,,FALSE,,http://http://hayden.com//
60,C681dDd0cc422f7,15,Kelli Hardy,Kelli,Hardy,Petty Ltd,Huangfort,Sao Tome and Principe,020.324.2191x2022,424-157-8216,kristopher62@oliver.com,12/20/2020,http://www.kidd.com/,020-324-2191,2022,,FALSE,,http://http://www.kidd.com//
61,a940cE42e035F28,15,Lynn Pham,Lynn,Pham,"Brennan, Camacho and Tapia",East Pennyshire,Portugal,846.468.6834x611,001-248-691-0006,mpham@rios-guzman.com,8/21/2020,https://www.murphy.com/,846-468-6834,611,,FALSE,,http://https://www.murphy.com//
62,9Cf5E6AFE0aeBfd,15,Shelley Harris,Shelley,Harris,"Prince, Malone and Pugh",Port Jasminborough,Togo,423.098.0315x8373,+1-386-458-8944x15194,zachary96@mitchell-bryant.org,12/10/2020,https://www.ryan.com/,423-098-0315,8373,,FALSE,,http://https://www.ryan.com//
63,aEcbe5365BbC67D,15,Eddie Jimenez,Eddie,Jimenez,Caldwell Group,West Kristine,Ethiopia,+1-235-657-1073x6306,(026)401-7353x2417,kristiwhitney@bernard.com,3/24/2022,http://cherry.com/,-1964,6306,,FALSE,,http://http://cherry.com//
64,FCBdfCEAe20A8Dc,15,Chloe Hutchinson,Chloe,Hutchinson,Simon LLC,South Julia,Netherlands,981-544-9452,+1-288-552-4666x060,leah85@sutton-terrell.com,5/15/2022,https://mitchell.info/,981-544-9452,,,FALSE,,http://https://mitchell.info//
65,636cBF0835E10ff,15,Eileen Lynch,Eileen,Lynch,"Knight, Abbott and Hubbard",Helenborough,Liberia,+1-158-951-4131x53578,001-673-779-6713x680,levigiles@vincent.com,1/2/2021,http://mckay.com/,-5239,53578,,FALSE,,http://http://mckay.com//
66,fF1b6c9E8Fbf1ff,15,Fernando Lambert,Fernando,Lambert,Church-Banks,Lake Nancy,Lithuania,497.829.9038,3863743398,fisherlinda@schaefer.net,4/23/2021,https://www.vang.com/,497-829-9038,,,FALSE,,http://https://www.vang.com//
67,2A13F74EAa7DA6c,15,Makayla Cannon,Makayla,Cannon,Henderson Inc,Georgeport,New Caledonia,001-215-801-6392x46009,027-609-6460,scottcurtis@hurley.biz,1/20/2020,http://www.velazquez.net/,215-801-6392,46009,,FALSE,,http://http://www.velazquez.net//
68,a014Ec1b9FccC1E,15,Tom Alvarado,Tom,Alvarado,Donaldson-Dougherty,South Sophiaberg,Kiribati,(585)606-2980x2258,730-797-3594x5614,nicholsonnina@montgomery.info,8/18/2020,http://odom-massey.com/,585-606-2980,2258,,FALSE,,http://http://odom-massey.com//
69,421a109cABDf5fa,15,Virginia Dudley,Virginia,Dudley,Warren Ltd,Hartbury,French Southern Territories,027.846.3705x14184,+1-439-171-1846x4636,zvalencia@phelps.com,1/31/2021,http://hunter-esparza.com/,027-846-3705,14184,,FALSE,,http://http://hunter-esparza.com//
70,CC68FD1D3Bbbf22,15,Riley Good,Riley,Good,Wade PLC,Erikaville,Canada,6977745822,855-436-7641,alex06@galloway.com,2/3/2020,http://conway.org/,697-774-5822,,6977745822,FALSE,,http://http://conway.org//
71,CBCd2Ac8E3eBDF9,15,Alexandria Buck,Alexandria,Buck,Keller-Coffey,Nicolasfort,Iran,078-900-4760x76668,414-112-8700x68751,lee48@manning.com,2/20/2021,https://ramsey.org/,078-900-4760,76668,,FALSE,,http://https://ramsey.org//
72,Ef859092FbEcC07,15,Richard Roth,Richard,Roth,Conway-Mcbride,New Jasmineshire,Morocco,581-440-6539,9857827463,aharper@maddox-townsend.org,2/23/2020,https://www.brooks.com/,581-440-6539,,,FALSE,,http://https://www.brooks.com//
73,F560f2d3cDFb618,15,Candice Keller,Candice,Keller,Huynh and Sons,East Summerstad,Zimbabwe,001-927-965-8550x92406,001-243-038-4271x53076,buckleycory@odonnell.net,8/22/2020,https://www.lucero.com/,927-965-8550,92406,,FALSE,,http://https://www.lucero.com//
74,A3F76Be153Df4a3,15,Anita Benson,Anita,Benson,Parrish Ltd,Skinnerport,Russian Federation,874.617.5668x69878,(399)820-6418x0071,angie04@oconnell.com,2/9/2020,http://oconnor.com/,874-617-5668,69878,,FALSE,,http://http://oconnor.com//
75,D01Af0AF7cBbFeA,15,Regina Stein,Regina,Stein,Guzman-Brown,Raystad,Solomon Islands,001-469-848-0724x4407,001-085-360-4426x00357,zrosario@rojas-hardin.net,1/15/2022,http://www.johnston.info/,469-848-0724,4407,,FALSE,,http://http://www.johnston.info//
76,d40e89dCade7b2F,15,Debra Riddle,Debra,Riddle,"Chang, Aguirre and Leblanc",Colinhaven,United States Virgin Islands,+1-768-182-6014x14336,(303)961-4491,shieldskerry@robles.com,7/11/2020,http://kaiser.info/,-6963,14336,,FALSE,,http://http://kaiser.info//
77,BF6a1f9bd1bf8DE,15,Brittany Zuniga,Brittany,Zuniga,Mason-Hester,West Reginald,Kyrgyz Republic,(050)136-9025,001-480-851-2496x0157,mchandler@cochran-huerta.org,7/24/2021,http://www.boyle.com/,050-136-9025,,,FALSE,,http://http://www.boyle.com//
78,FfaeFFbbbf280db,15,Cassidy Mcmahon,Cassidy,Mcmahon,"Mcguire, Huynh and Hopkins",Lake Sherryborough,Myanmar,5040771311,684-682-0021x1326,katrinalane@fitzgerald.com,10/21/2020,https://hurst.com/,504-077-1311,,5040771311,FALSE,,http://https://hurst.com//
79,CbAE1d1e9a8dCb1,15,Laurie Pennington,Laurie,Pennington,"Sanchez, Marsh and Hale",Port Katherineville,Dominica,007.155.3406x553,+1-809-862-5566x277,cookejill@powell.com,6/8/2020,http://www.hebert.com/,007-155-3406,553,,FALSE,,http://http://www.hebert.com//
80,A7F85c1DE4dB87f,15,Alejandro Blair,Alejandro,Blair,"Combs, Waller and Durham",Thomasland,Iceland,(690)068-4641x51468,555.509.8691x2329,elizabethbarr@ewing.com,9/19/2020,https://mercado-blevins.com/,690-068-4641,51468,,FALSE,,http://https://mercado-blevins.com//
81,D6CEAfb3BDbaa1A,15,Leslie Jennings,Leslie,Jennings,Blankenship-Arias,Coreybury,Micronesia,629.198.6346,075.256.0829,corey75@wiggins.com,11/13/2021,https://www.juarez.com/,629-198-6346,,,FALSE,,http://https://www.juarez.com//
82,Ebdb6F6F7c90b69,15,Kathleen Mckay,Kathleen,Mckay,"Coffey, Lamb and Johnson",Lake Janiceton,Saint Vincent and the Grenadines,(733)910-9968,(691)247-4128x0665,chloelester@higgins-wilkinson.com,9/12/2021,http://www.owens-mooney.com/,733-910-9968,,,FALSE,,http://http://www.owens-mooney.com//
83,E8E7e8Cfe516ef0,15,Hunter Moreno,Hunter,Moreno,Fitzpatrick-Lawrence,East Clinton,Isle of Man,(733)833-6754,001-761-013-7121,isaac26@benton-finley.com,12/28/2020,http://walls.info/,733-833-6754,,,FALSE,,http://http://walls.info//
84,78C06E9b6B3DF20,15,Chad Davidson,Chad,Davidson,Garcia-Jimenez,South Joshuashire,Oman,8275702958,(804)842-4715,justinwalters@jimenez.com,11/15/2021,http://www.garner-oliver.com/,827-570-2958,,8275702958,FALSE,,http://http://www.garner-oliver.com//
85,03A1E62ADdeb31c,15,Corey Holt,Corey,Holt,"Mcdonald, Bird and Ramirez",New Glenda,Fiji,001-439-242-4986x7918,3162708934,maurice46@morgan.com,02/18/2022,http://www.watson.com/,439-242-4986,7918,,FALSE,,http://http://www.watson.com//
86,C6763c99d0bd16D,15,Emma Cunningham,Emma,Cunningham,Stephens Inc,North Jillianview,New Zealand,128-059-0206x60217,(312)164-4545x2284,walter83@juarez.org,5/13/2022,http://www.reid.info/,128-059-0206,60217,,FALSE,,http://http://www.reid.info//
87,ebe77E5Bf9476CE,15,Duane Woods,Duane,Woods,Montoya-Miller,Lyonsberg,Maldives,(636)544-7783x7288,(203)287-1003x5932,kmercer@wagner.com,7/21/2020,http://murray.org/,636-544-7783,7288,,FALSE,,http://http://murray.org//
88,E4Bbcd8AD81fC5f,15,Alison Vargas,Alison,Vargas,"Vaughn, Watts and Leach",East Cristinabury,Benin,365-273-8144,053-308-7653x6287,vcantu@norton.com,11/10/2020,http://mason.info/,365-273-8144,,,FALSE,,http://http://mason.info//
89,efeb73245CDf1fF,15,Vernon Kane,Vernon,Kane,Carter-Strickland,Thomasfurt,Yemen,114-854-1159x555,499-608-4612,hilljesse@barrett.info,4/15/2021,http://www.duffy-hensley.net/,114-854-1159,555,,FALSE,,http://http://www.duffy-hensley.net//
90,37Ec4B395641c1E,15,Lori Flowers,Lori,Flowers,Decker-Mcknight,North Joeburgh,Namibia,679.415.1210,945-842-3659x4581,tyrone77@valenzuela.info,1/9/2021,http://www.deleon-crosby.com/,679-415-1210,,,FALSE,,http://http://www.deleon-crosby.com//
91,5ef6d3eefdD43bE,15,Nina Chavez,Nina,Chavez,Byrd-Campbell,Cassidychester,Bhutan,053-344-3205,+1-330-920-5422x571,elliserica@frank.com,3/26/2020,https://www.pugh.com/,053-344-3205,,,FALSE,,http://https://www.pugh.com//
92,98b3aeDcC3B9FF3,15,Shane Foley,Shane,Foley,Rocha-Hart,South Dannymouth,Hungary,-1692,001-626-114-5844x55073,nsteele@sparks.com,7/6/2021,https://www.holt-sparks.com/,-1692,,,FALSE,,http://https://www.holt-sparks.com//
93,aAb6AFc7AfD0fF3,15,Collin Ayers,Collin,Ayers,Lamb-Peterson,South Lonnie,Anguilla,404-645-5351x012,001-257-582-8850x8516,dudleyemily@gonzales.biz,6/29/2021,http://www.ruiz.com/,404-645-5351,12,,FALSE,,http://http://www.ruiz.com//
94,54B5B5Fe9F1B6C5,15,Sherry Young,Sherry,Young,"Lee, Lucero and Johnson",Frankchester,Solomon Islands,158-687-1764,(438)375-6207x003,alan79@gates-mclaughlin.com,4/4/2021,https://travis.net/,158-687-1764,,,FALSE,,http://https://travis.net//
95,BE91A0bdcA49Bbc,15,Darrell Douglas,Darrell,Douglas,"Newton, Petersen and Mathis",Daisyborough,Mali,001-084-845-9524x1777,001-769-564-6303,grayjean@lowery-good.com,2/17/2022,https://banks.biz/,084-845-9524,1777,,FALSE,,http://https://banks.biz//
96,cb8E23e48d22Eae,15,Karl Greer,Karl,Greer,Carey LLC,East Richard,Guyana,(188)169-1674x58692,001-841-293-3519x614,hhart@jensen.com,1/30/2022,http://hayes-perez.com/,188-169-1674,58692,,FALSE,,http://http://hayes-perez.com//
97,CeD220bdAaCfaDf,15,Lynn Atkinson,Lynn,Atkinson,"Ware, Burns and Oneal",New Bradview,Sri Lanka,-3769,605.413.3198,vkemp@ferrell.com,7/10/2021,https://novak-allison.com/,-3769,,,FALSE,,http://https://novak-allison.com//
98,28CDbC0dFe4b1Db,15,Fred Guerra,Fred,Guerra,Schmitt-Jones,Ortegaland,Solomon Islands,+1-753-067-8419x7170,+1-632-666-7507x92121,swagner@kane.org,9/18/2021,https://www.ross.com/,-9238,7170,,FALSE,,http://https://www.ross.com//
99,c23d1D9EE8DEB0A,15,Yvonne Farmer,Yvonne,Farmer,Fitzgerald-Harrell,Lake Elijahview,Aruba,(530)311-9786,001-869-452-0943x12424,mccarthystephen@horn-green.biz,8/11/2021,http://watkins.info/,530-311-9786,,,FALSE,,http://http://watkins.info//
100,2354a0E336A91A1,15,Clarence Haynes,Clarence,Haynes,"Le, Nash and Cross",Judymouth,Honduras,(753)813-6941,783.639.1472,colleen91@faulkner.biz,3/11/2020,http://www.hatfield-saunders.net/,753-813-6941,,,FALSE,,http://http://www.hatfield-saunders.net//
101,9de7795c0004f9f,15,Abbas Sakaguchi,Abbas,Sakaguchi,Shannon-Harmon,North York,Canada,991-312-0859,447.581.1695x87012,sakaguchiabbas@email.com,3/27/2021,https://curtis-archer.info/,,,,FALSE,,http://https://curtis-archer.info//
102,2c2b3fc800059f1,15,Richard Dorion,Richard,Dorion,Wilkinson Inc,Montreal,Canada,+1-841-655-9574x649,+1-163-615-2531x196,dorionrichard@email.com,3/1/2021,https://barr.org/,,,,FALSE,,http://https://barr.org//
103,5b93b19b00019c9,15,Sanjay Gougeon,Sanjay,Gougeon,Reed-Duffy,Montreal,Canada,8553315303,007-978-8023x5539,gougeonsanjay@email.com,11/9/2020,https://chaney.info/,,,,FALSE,,http://https://chaney.info//
104,0a45c23900032a4,15,Mohamed Wright,Mohamed,Wright,"Haynes, Combs and Murillo",Cambridge,Canada,+1-976-946-9537x3871,855.438.3570,wrightmohamed@email.com,5/31/2021,https://www.moore.com/,,,,FALSE,,http://https://www.moore.com//
105,d8a0b08b0004abb,15,Marian Roman,Marian,Roman,Ballard-Wagner,Cambridge,Canada,200.514.1049x8785,664.086.6720x31092,romanmarian@email.com,5/31/2021,https://myers.org/,,,,FALSE,,http://https://myers.org//
106,3b175eb00002347,15,Qasim McDiarmid,Qasim,McDiarmid,Craig-Terrell,Cumberland,Canada,(697)793-1252x89047,715-480-1272x800,mcdiarmidqasim@email.com,12/11/2020,https://www.kelly.com/,,,,FALSE,,http://https://www.kelly.com//
107,f812b1a000041dc,15,Anthony Ouellet,Anthony,Ouellet,Parker-Silva,Mont-Royal,Canada,001-423-840-8414x8487,+1-669-970-7521x862,ouelletanthony@email.com,11/16/2021,https://www.park.com/,,,,FALSE,,http://https://www.park.com//
108,96da33e50002a97,15,Bill Luehof,Bill,Luehof,Morgan LLC,North York,Canada,099.650.6578x8956,938.824.8764,luehofbill@email.com,5/31/2021,https://waller.com/,,,,FALSE,,http://https://waller.com//
109,19a46ab80005da6,15,Tony Allaire,Tony,Allaire,"Allison, Ward and Lynn",St Bonaventure,Canada,001-462-834-1009x40782,+1-819-553-6170x0036,allairetony@email.com,3/31/2021,https://www.sanford.info/,,,,FALSE,,http://https://www.sanford.info//
110,fef7083c00087cf,15,Luc Kither,Luc,Kither,"Andersen, Gaines and Norman",ARMADALE,Australia,1210697901,012-717-5375,kitherluc@email.com,11/30/2021,https://ellison-cobb.com/,,,,FALSE,,http://https://ellison-cobb.com//
111,b563403500018df,15,Christian Allison,Christian,Allison,"Marshall, Warren and Holloway",Oakville,Canada,(769)024-8085,001-959-534-1765,allisonchristian@email.com,4/5/2021,https://gonzales.com/,,,,FALSE,,http://https://gonzales.com//
112,41915d6a000449e,15,Ioan Foo,Ioan,Foo,Estes Ltd,Singapore 548241,Singapore,077.521.8857,491-663-4316,fooioan@email.com,12/31/2020,https://lester.net/,,,,FALSE,,http://https://lester.net//
113,fcca81db00060c9,15,Mohammed Rasko,Mohammed,Rasko,Fuller Ltd,Edmonton,Canada,338-335-9171x416,+1-767-741-2616x384,raskomohammed@email.com,8/17/2021,https://hardin.net/,,,,FALSE,,http://https://hardin.net//
114,1e0be7bb0009cc9,15,Henry Johnston,Henry,Johnston,"Werner, Best and Hurley",Guelph,Canada,(017)947-6945x09659,001-952-225-1045x832,johnstonhenry@email.com,3/6/2021,https://bartlett.com/,,,,FALSE,,http://https://bartlett.com//
115,294bad8a0002a22,15,Maureen Fleming,Maureen,Fleming,"Rogers, Boyle and Farmer",Calgary,Canada,(815)925-7175x4081,(616)615-9255,flemingmaureen@email.com,7/29/2021,https://stephens.net/,,,,FALSE,,http://https://stephens.net//
116,83cb14d20005cc1,15,Michael Tseng,Michael,Tseng,Gonzalez-Hurley,Hsin-Chu 300,Taiwan,+1-122-513-5302x06880,296.634.2399x39373,tsengmichael@email.com,12/8/2021,https://www.mayo.com/,,,,FALSE,,http://https://www.mayo.com//
117,71d2834000066b3,15,Michael Longley,Michael,Longley,Johnson Ltd,Newmarket,Canada,(156)633-3743x2060,001-549-475-9969x0352,longleymichael@email.com,10/31/2021,https://wood.org/,,,,FALSE,,http://https://wood.org//
118,845a82d50004c0d,15,Adil Frank,Adil,Frank,Dougherty LLC,D-97502 Euerbach,Germany,(603)991-6573,001-566-074-0373x42276,frankadil@email.com,4/24/2021,https://www.goodman.com/,,,,FALSE,,http://https://www.goodman.com//
119,e2946c8f0001ff5,15,Vanel Arbuthnot,Vanel,Arbuthnot,Lamb LLC,Toronto,Canada,627.385.1633x91447,118.872.5638,arbuthnotvanel@email.com,11/10/2020,https://www.mills.com/,,,,FALSE,,http://https://www.mills.com//
120,cb7d4e2000077ae,15,Lee Blackwell,Lee,Blackwell,Osborne Ltd,Ottawa,Canada,001-046-751-3833x493,323.710.2957x327,blackwelllee@email.com,12/3/2020,https://perkins.net/,,,,FALSE,,http://https://perkins.net//
121,dea73610000e3cd,15,Tania Green,Tania,Green,Price-Benton,Brockville,Canada,7856729623,350-407-8640,greentania@email.com,12/31/2021,https://www.jenkins-harrison.net/,,,,FALSE,,http://https://www.jenkins-harrison.net//
122,9086bb28000a136,15,Ron Dickinson,Ron,Dickinson,"Reynolds, Curtis and Lamb",300191 Tianjin,China,001-928-124-3993x62776,001-999-745-4235,dickinsonron@email.com,8/2/2021,https://gallagher-ellison.biz/,,,,FALSE,,http://https://gallagher-ellison.biz//
123,1cf99f470005477,15,Elizabeth Townsend,Elizabeth,Townsend,Horne and Sons,Surrey,Canada,110.119.5793,(564)069-5663x26208,townsendelizabeth@email.com,5/31/2021,https://knapp-mcpherson.com/,,,,FALSE,,http://https://knapp-mcpherson.com//
124,abb3ef410006dec,15,Danielle Soong,Danielle,Soong,"Kaufman, Rangel and Beck",Thornhill,Canada,319-180-7553,070.231.7216x874,soongdanielle@email.com,9/30/2021,https://humphrey.com/,,,,FALSE,,http://https://humphrey.com//
125,d245d2320001835,15,Richard Boswell,Richard,Boswell,Vega Ltd,Sandton,South Africa,451-227-6682,624.936.0823,boswellrichard@email.com,4/30/2021,https://kent.biz/,,,,FALSE,,http://https://kent.biz//
126,a1b2579e000bf51,15,Donald Maille,Donald,Maille,Blankenship Group,Montreal,Canada,001-297-402-3698x6550,3852076147,mailledonald@email.com,6/28/2021,https://www.pacheco-hodges.org/,,,,FALSE,,http://https://www.pacheco-hodges.org//
127,ca7ea532000066e,15,Jean-Marc Bowers,Jean-Marc,Bowers,Colon-Drake,Walkerton,Canada,918.645.0324,196-586-9447x4670,bowersjean-marc@email.com,9/30/2021,https://www.serrano-lang.biz/,,,,FALSE,,http://https://www.serrano-lang.biz//
128,fc8ab9ae0008fd5,15,Peter Roberge,Peter,Roberge,Rollins Ltd,Pointe-Claire,Canada,659-811-0503x688,(830)120-2630,robergepeter@email.com,6/30/2021,https://www.soto-rocha.com/,,,,FALSE,,http://https://www.soto-rocha.com//
129,1e41e7580000452,15,Ferdinando Newton,Ferdinando,Newton,"Malone, Rowland and Bullock",Roseneath,Canada,(603)418-3398,489-980-5927x13098,newtonferdinando@email.com,7/17/2021,https://guerrero-horne.com/,,,,FALSE,,http://https://guerrero-horne.com//
130,9f30892f000b078,15,Peter Cornelissen,Peter,Cornelissen,Townsend-Weber,London,Canada,(479)559-6654x369,834-594-5128x556,cornelissenpeter@email.com,11/16/2021,https://mcintosh-bishop.com/,,,,FALSE,,http://https://mcintosh-bishop.com//
131,6e395b35000ad4d,15,Shellie Beaudoin,Shellie,Beaudoin,Spears LLC,Boucherville,Canada,+1-897-696-6031x3653,273.443.5672x527,beaudoinshellie@email.com,12/15/2020,https://www.underwood.com/,,,,FALSE,,http://https://www.underwood.com//
132,5df4d232000998e,15,Srikanth Cowan,Srikanth,Cowan,Holmes-Walls,Toronto,Canada,575.959.4454x2883,(913)040-5595x86422,cowansrikanth@email.com,12/18/2021,https://www.dean.biz/,,,,FALSE,,http://https://www.dean.biz//
133,486458200001475,15,Roger Companys,Roger,Companys,Huynh-Phillips,08029 Barcelona,Spain,397-504-3967x1627,400.296.8618x968,companysroger@email.com,5/31/2021,https://www.dalton.com/,,,,FALSE,,http://https://www.dalton.com//
134,0418bf92000b23e,15,Don Gloutnay,Don,Gloutnay,Cohen-Henderson,La Prairie,Canada,870-417-5661x107,001-793-402-5061x556,gloutnaydon@email.com,10/31/2021,https://lynn.com/,,,,FALSE,,http://https://lynn.com//
135,a94f8817000f06d,15,Mohammed Tardi,Mohammed,Tardi,Bowen Inc,Coquitlam,Canada,366.661.5271x8254,785.359.4718x9134,tardimohammed@email.com,9/19/2021,https://brown.biz/,,,,FALSE,,http://https://brown.biz//
136,23739853000a885,15,Michael Alonso,Michael,Alonso,"Hogan, Rice and Roy",28036 MADRID,Spain,380.617.7801x03749,(114)259-4382x840,alonsomichael@email.com,3/13/2021,https://www.cooke.com/,,,,FALSE,,http://https://www.cooke.com//
137,fb629ad1000368b,15,Charles Legentil,Charles,Legentil,Farrell-Bryan,Saint-Laurent,Canada,061-967-9081,-3470,legentilcharles@email.com,6/30/2021,https://zamora-ross.org/,,,,FALSE,,http://https://zamora-ross.org//
138,3bdd2c36000a45f,15,Gordon Fielenbach,Gordon,Fielenbach,Boyer-Hart,D-79713 Bad Saeckingen,Germany,(079)417-9763x1173,+1-729-401-8838x87500,fielenbachgordon@email.com,6/30/2021,https://estes.com/,,,,FALSE,,http://https://estes.com//
139,0a330be80006200,15,Robert Verwoerd,Robert,Verwoerd,Glover-Roberts,6644 AZ Ewijk,Netherlands,236.969.0967,001-632-797-8496x863,verwoerdrobert@email.com,3/14/2021,https://www.anthony-davis.info/,,,,FALSE,,http://https://www.anthony-davis.info//
140,de9e65960003ff6,15,J Clark Bruns,J Clark,Bruns,Mckenzie-Simon,Cambridge,Canada,(504)650-1379,4712298657,brunsj clark@email.com,5/31/2021,https://www.barry.com/,,,,FALSE,,http://https://www.barry.com//
141,b6f797bf0007019,15,Eriks Desbiens,Eriks,Desbiens,"Booker, Castillo and Beck",Chateauguay,Canada,(996)187-8214,052.968.8180,desbienseriks@email.com,3/31/2021,https://www.gutierrez.com/,,,,FALSE,,http://https://www.gutierrez.com//
142,0147d8c70007965,15,Bernard Landry,Bernard,Landry,Mercer-Booth,Montreal,Canada,(907)325-7885x7308,762-711-5467x5074,landrybernard@email.com,6/30/2021,https://www.wyatt.com/,,,,FALSE,,http://https://www.wyatt.com//
143,8a6d46ec0005d6a,15,Claude Murphy,Claude,Murphy,Thompson-Fritz,Mississauga,Canada,499.678.2793x98018,001-516-823-2327,murphyclaude@email.com,1/31/2021,https://www.velasquez-white.org/,,,,FALSE,,http://https://www.velasquez-white.org//
144,642340000008d2a,15,Luc L'Abbe,Luc,L'Abbe,"Fleming, Zamora and Graham",Laval,Canada,(333)046-0351x615,+1-201-503-1285x2179,labbeluc@email.com,10/1/2021,https://www.owen.org/,,,,FALSE,,http://https://www.owen.org//
145,5e006cec0000fbf,15,Jan Bickle,Jan,Bickle,Tanner-Richards,Ajax,Canada,001-678-518-4984,875-641-0333x950,bicklejan@email.com,10/31/2021,https://www.richard-horne.biz/,,,,FALSE,,http://https://www.richard-horne.biz//
146,d6d722e50000000,15,Allen Gravel,Allen,Gravel,Navarro-Payne,Montreal,Canada,001-662-590-1788x0872,(143)161-4985x7802,gravelallen@email.com,5/14/2021,https://www.matthews-ware.com/,,,,FALSE,,http://https://www.matthews-ware.com//
147,a6c650da000fd04,15,Wally Beaudoin,Wally,Beaudoin,Conrad-Hanson,Saint-Laurent,Canada,815.244.2002x72047,6212709355,beaudoinwally@email.com,2/17/2021,https://www.donaldson-vega.com/,,,,FALSE,,http://https://www.donaldson-vega.com//
148,86e68b23000aaea,15,John Livingstone,John,Livingstone,Bernard and Sons,Kentville,Canada,256-921-9316x481,530.747.6571x6219,livingstonejohn@email.com,8/22/2021,https://www.barron.com/,,,,FALSE,,http://https://www.barron.com//
149,c63af406000fe4b,15,Geoff Dusome,Geoff,Dusome,"Rodgers, Bullock and Daniels",Winnipeg,Canada,159.547.6407,001-166-934-2168x4200,dusomegeoff@email.com,10/31/2021,https://colon.com/,,,,FALSE,,http://https://colon.com//
150,e77385940004a3f,15,Roshni Sauter Miller,Roshni,Sauter Miller,"Schaefer, Hobbs and Wells",1000 San Jose,Costa Rica,912.173.7608,126-581-3225x65166,sauter millerroshni@email.com,10/30/2021,https://fritz-alexander.org/,,,,FALSE,,http://https://fritz-alexander.org//
151,3db0a75e800000,14,David Silva,David,Silva,Blackwell-Randall,6219 NT MAASSTRICHT,Netherlands,396.483.1471x07583,+1-496-386-6284x84289,silvadavid@email.com,10/31/2021,https://randolph-kane.biz/,,,,FALSE,,http://https://randolph-kane.biz//
152,06674869000579c,15,Brian Bergkamp,Brian,Bergkamp,Perry and Sons,5685 BC BEST,Netherlands,241.537.5263x1064,+1-091-580-3447x663,bergkampbrian@email.com,7/24/2021,https://murray.com/,,,,FALSE,,http://https://murray.com//
153,8291e6ec000c5d7,15,Dean Daamen,Dean,Daamen,"Fleming, Johns and Morrow",3823 DP AMERSFOORT,Netherlands,807.797.8740,005-389-4368x70486,daamendean@email.com,7/15/2021,https://www.lin-flowers.com/,,,,FALSE,,http://https://www.lin-flowers.com//
154,2515339b0004096,15,Lester Bechte,Lester,Bechte,Ingram-Murphy,30459 Hannover,Germany,159-731-3544x87205,752.880.9590x311,bechtelester@email.com,12/15/2020,https://booth.com/,,,,FALSE,,http://https://booth.com//
155,492064db0009a99,15,Reinaldo Meyers,Reinaldo,Meyers,"Parsons, Kerr and Robbins",Dhahran,Saudi Arabia,(020)378-7777x162,(551)426-3999x95752,meyersreinaldo@email.com,9/19/2021,https://www.austin.com/,,,,FALSE,,http://https://www.austin.com//
156,023fdc18000c9c4,15,Linda Peddie-Vasquez,Linda,Peddie-Vasquez,"Ali, Woodward and Woodard",Orangeville,Canada,776.325.2657,793-131-4867,peddie-vasquezlinda@email.com,2/27/2021,https://www.ayers-jensen.com/,,,,FALSE,,http://https://www.ayers-jensen.com//
157,aa9b6126000cec1,15,Leigh Remecki,Leigh,Remecki,"Galloway, Owen and Ibarra",Mirabel,Canada,(981)851-6829,(443)349-2802x1242,remeckileigh@email.com,5/31/2021,https://castillo.com/,,,,FALSE,,http://https://castillo.com//
158,0eb295dc0008fe5,15,Cornelis Wesenberg,Cornelis,Wesenberg,Zamora and Sons,Ottawa,Canada,578-124-7689x3297,069-988-0883,wesenbergcornelis@email.com,11/30/2020,https://moon-parsons.com/,,,,FALSE,,http://https://moon-parsons.com//
159,0692c8f40007588,15,Alan Kaufman,Alan,Kaufman,Francis-Kline,Kitchener,Canada,001-773-187-1234x94616,070-346-3476,kaufmanalan@email.com,1/8/2021,https://hooper-humphrey.com/,,,,FALSE,,http://https://hooper-humphrey.com//
160,bb23148d0006dbb,15,John Enns,John,Enns,Jones and Sons,Calgary,Canada,001-219-079-3350x2930,659-301-1825x6764,ennsjohn@email.com,4/24/2021,https://www.waller.com/,,,,FALSE,,http://https://www.waller.com//
161,9c4ba4ab0003b6e,15,Haruki Myers,Haruki,Myers,Montoya PLC,Mississauga,Canada,795-178-9635x4691,470-901-6154x7351,myersharuki@email.com,6/30/2021,https://www.rosario.com/,,,,FALSE,,http://https://www.rosario.com//
162,a131d446000b299,15,Phillipe Homburg,Phillipe,Homburg,Pugh-Odom,4002 GB TIEL,Netherlands,803.568.5156x37413,(534)578-6289,homburgphillipe@email.com,5/16/2021,https://lawrence.biz/,,,,FALSE,,http://https://lawrence.biz//
163,756058310000f4b,15,Donald Ulmer,Donald,Ulmer,Rhodes-Carter,Kanata,Canada,5756499602,749-695-2828,ulmerdonald@email.com,1/4/2021,https://kirk.org/,,,,FALSE,,http://https://kirk.org//
164,23dbe92b000d8b8,15,Andre Alarie,Andre,Alarie,Estrada-Atkins,Saint-Romuald,Canada,797.490.4550,930-650-3473x47188,alarieandre@email.com,10/10/2021,https://www.boone.com/,,,,FALSE,,http://https://www.boone.com//
165,79d25c820009591,15,Ellen Francis,Ellen,Francis,Chan Ltd,Burnaby,Canada,174.469.3483x5013,001-603-374-1226x1406,francisellen@email.com,11/30/2021,https://www.hess.net/,,,,FALSE,,http://https://www.hess.net//
166,58d812d90003540,15,Ramon Drolet,Ramon,Drolet,Harrell PLC,Saint-Francois-de-la-Rivere-du-Sud,Canada,073.458.6092x9422,9434040481,droletramon@email.com,1/27/2021,https://frazier-stephenson.org/,,,,FALSE,,http://https://frazier-stephenson.org//
167,9ce0bb890009f4a,15,Pierre Belley,Pierre,Belley,Mayer PLC,Montreal,Canada,(220)915-3707x535,760-365-3897,belleypierre@email.com,4/30/2021,https://nixon.com/,,,,FALSE,,http://https://nixon.com//
168,5b0dc2030007bff,15,Ron Zimmermann,Ron,Zimmermann,"Bautista, Blevins and Joyce",Chateauguay,Canada,(134)470-3456x44117,+1-195-208-7749x5746,zimmermannron@email.com,8/26/2021,https://bean.net/,,,,FALSE,,http://https://bean.net//
169,0272f8fa0005b06,15,Francisco Aaram,Francisco,Aaram,Mercer and Sons,1346 GJETTUM,Norway,(337)643-5663,182.859.7395x1302,aaramfrancisco@email.com,1/31/2021,https://www.nixon.com/,,,,FALSE,,http://https://www.nixon.com//
170,34b8f36f000a040,15,Bruce Broker,Bruce,Broker,Cardenas-Carney,5627 HC Eindhoven,Netherlands,437-970-3543x058,+1-484-993-6871x192,brokerbruce@email.com,3/14/2021,https://blackwell-stout.net/,,,,FALSE,,http://https://blackwell-stout.net//
171,5b75c35800097aa,15,Garry Mercure,Garry,Mercure,Garrett-Gallagher,Pierrefond,Canada,(408)278-0968x17796,526.729.4712,mercuregarry@email.com,2/28/2021,https://www.ruiz.com/,,,,FALSE,,http://https://www.ruiz.com//
172,8e28b57500074dd,15,Howard Paquin,Howard,Paquin,"Keith, Howard and Hawkins",Ottawa,Canada,156-363-2974,101.514.2162x8945,paquinhoward@email.com,6/12/2021,https://www.livingston.com/,,,,FALSE,,http://https://www.livingston.com//
173,ec6bce37000746d,15,Hamid Hoon,Hamid,Hoon,Huber-Castro,SINGAPORE,Singapore,6327004999,001-375-954-4398x4599,hoonhamid@email.com,6/28/2021,https://www.atkinson.net/,,,,FALSE,,http://https://www.atkinson.net//
174,cd0963e7000d603,15,Marie Cook,Marie,Cook,Rose Ltd,Vancouver,Canada,001-499-415-9248x7727,+1-960-370-6804x659,cookmarie@email.com,4/30/2021,https://www.glover.org/,,,,FALSE,,http://https://www.glover.org//
175,33850034000b781,15,Robert Faccone,Robert,Faccone,Gentry-Waters,Dorval,Canada,894-188-0945x0557,8198087937,facconerobert@email.com,6/30/2021,https://jimenez.net/,,,,FALSE,,http://https://jimenez.net//
176,74d1091500099cf,15,Dave Wadsworth,Dave,Wadsworth,Fisher PLC,Toronto,Canada,001-744-078-1419x1464,(463)492-5230,wadsworthdave@email.com,10/22/2021,https://coffey.net/,,,,FALSE,,http://https://coffey.net//
177,bf6b1406000d743,15,Ross Di Mario,Ross,Di Mario,"Thompson, Sellers and Lloyd",Stittsville,Canada,-5013,467.716.8716x4461,di marioross@email.com,4/30/2021,https://fernandez.com/,,,,FALSE,,http://https://fernandez.com//
178,6b0602cb0001ddd,15,John Hickey,John,Hickey,"Rice, Gould and Mccall",Port Colborne,Canada,4682694682,001-655-716-4940x871,hickeyjohn@email.com,10/31/2021,https://www.phillips.info/,,,,FALSE,,http://https://www.phillips.info//
179,b5756b730006938,15,Wilhelm Shipley,Wilhelm,Shipley,Cordova Group,Elmira,Canada,725.960.3587,6110447130,shipleywilhelm@email.com,11/17/2021,https://www.jenkins-krueger.info/,,,,FALSE,,http://https://www.jenkins-krueger.info//
180,9be3335a0009a3c,15,David Desjardins,David,Desjardins,Kramer-Parsons,Mont-Royal,Canada,(836)038-9393x026,001-691-674-8671,desjardinsdavid@email.com,3/19/2021,https://www.carr.org/,,,,FALSE,,http://https://www.carr.org//
181,b636ceff0001f0f,15,Brent McAllister,Brent,McAllister,Rice LLC,Niagara Falls,Canada,841.483.3064,(274)619-0114,mcallisterbrent@email.com,3/2/2021,https://monroe.info/,,,,FALSE,,http://https://monroe.info//