Index,Customer Id,,First Name,Last Name,Company,City,Country,Phone 1,Missing Phone,Ext,Phone 2,Ext,Email,Subscription Date,Website,,,
1,DD37Cf93aecA6Dc,15,Sheryl,Baxter,Rasmussen Group,East Leonard,Chile,229-077-5154,FALSE,,397.884.0519,718,zunigavanessa@smith.info,8/24/2020,http://www.stephenson.com/,45,,
2,1Ef7b82A4CAAD10,15,Preston,Lozano,Vega-Gentry,East Jimmychester,Djibouti,515-343-5776,FALSE,,686-620-1820,944,vmata@colon.com,4/23/2021,http://www.hobbs.com/,,,
3,6F94879bDAfE5a6,15,Roy,Berry,Murillo-Perry,Isabelborough,Antigua and Barbuda,-1199,FALSE,,496-978-3969,58947,beckycarr@hogan.com,3/25/2020,http://www.lawrence.com/,,,
4,5Cef8BFA16c5e3c,15,Linda,Olsen,"Dominguez, Mcmillan and Donovan",Bensonview,Dominican Republic,808-617-6467,FALSE,12895,-9892,,stanleyblackwell@benson.org,6/2/2020,http://www.good-lyons.com/,,,
5,053d585Ab6b3159,15,Joanna,Bender,"Martin, Lang and Andrade",West Priscilla,Slovakia (Slovak Republic),234-203-0635,FALSE,76146,199-446-3860,3486,colinalvarado@miles.net,4/17/2021,https://goodwin-ingram.com/,,,
6,2d08FB17EE273F4,15,Aimee,Downs,Steele Group,Chavezborough,Bosnia and Herzegovina,283-437-3886,FALSE,88321,999-728-1637,,louis27@gilbert.com,2/25/2020,http://www.berger.net/,,,
7,EA4d384DfDbBf77,15,Darren,Peck,"Lester, Woodard and Mitchell",Lake Ana,Pitcairn Islands,496-452-6181,FALSE,3291,-1475,4995,tgates@cantrell.com,8/24/2021,https://www.le.com/,,,
8,0e04AFde9f225dE,15,Brett,Mullen,"Sanford, Davenport and Giles",Kimport,Bulgaria,583-352-7197,FALSE,297,333-145-0369,,asnow@colon.com,4/12/2021,https://hammond-ramsey.com/,,,
9,C2dE4dEEc489ae0,15,Sheryl,Meyers,Browning-Simon,Robersonstad,Cyprus,854-138-4911,FALSE,5772,-3633,729,mariokhan@ryan-pope.org,1/13/2020,https://www.bullock.net/,,,
10,8C2811a503C7c5a,15,Michelle,Gallagher,Beck-Hendrix,Elaineberg,Timor-Leste,739-218-2516,FALSE,459,054-401-0347,617,mdyer@escobar.net,11/8/2021,https://arias.com/,,,
11,216E205d6eBb815,15,Carl,Schroeder,"Oconnell, Meza and Everett",Shannonville,Guernsey,637-854-0256,FALSE,825,114.336.0784,788,kirksalas@webb.com,10/20/2021,https://simmons-hurley.com/,,,
12,CEDec94deE6d69B,15,Jenna,Dodson,"Hoffman, Reed and Mcclain",East Andrea,Vietnam,041-737-3846,FALSE,,-4928,42608,mark42@robbins.com,11/29/2020,http://www.douglas.net/,,,
13,e35426EbDEceaFF,15,Tracey,Mata,Graham-Francis,South Joannamouth,Togo,949-844-8787,FALSE,,855-713-8773,,alex56@walls.org,12/2/2021,http://www.beck.com/,,,
14,A08A8aF8BE9FaD4,15,Kristine,Cox,Carpenter-Cook,Jodyberg,Sri Lanka,786-284-3358,FALSE,62152,-2737,8074,holdenmiranda@clarke.com,2/8/2021,https://www.brandt.com/,,,
15,6fEaA1b7cab7B6C,15,Faith,Lutz,Carter-Hancock,Burchbury,Singapore,781-861-7180,FALSE,8306,207-185-3665,,cassieparrish@blevins-chapman.net,1/26/2022,http://stevenson.org/,,,
16,8cad0b4CBceaeec,15,Miranda,Beasley,Singleton and Sons,Desireeshire,Oman,540-085-3135,FALSE,185,-7493,21881,vduncan@parks-hardy.com,4/12/2022,http://acosta.org/,,,
17,a5DC21AE3a21eaA,15,Caroline,Foley,Winters-Mendoza,West Adriennestad,Western Sahara,936-222-4746,FALSE,9924,469-948-6341,359,holtgwendolyn@watson-davenport.com,3/10/2021,http://www.benson-roth.com/,,,
18,F8Aa9d6DfcBeeF8,15,Greg,Mata,Valentine LLC,Lake Leslie,Mozambique,701-087-2415,FALSE,,195-156-1861,26241,jaredjuarez@carroll.org,3/26/2022,http://pitts-cherry.com/,,,
19,F160f5Db3EfE973,15,Clifford,Jacobson,Simon LLC,Harmonview,South Georgia and the South Sandwich Islands,151-330-3524,FALSE,469,748-477-7174,,joseph26@jacobson.com,9/24/2020,https://mcconnell.com/,,,
20,0F60FF3DdCd7aB0,15,Joanna,Kirk,Mays-Mccormick,Jamesshire,French Polynesia,266-131-7001,FALSE,711,283-312-5579,11543,tuckerangie@salazar.net,9/24/2021,https://www.camacho.net/,,,
21,9F9AdB7B8A6f7F2,15,Maxwell,Frye,Patterson Inc,East Carly,Malta,423-262-3059,FALSE,,202-880-0688,7491,fgibson@drake-webb.com,1/12/2022,http://www.roberts.com/,,,
22,FBd0Ded4F02a742,15,Kiara,Houston,"Manning, Hester and Arroyo",South Alvin,Netherlands,274-040-3582,FALSE,10611,-1675,4684,blanchardbob@wallace-shannon.com,9/15/2020,https://www.reid-potts.com/,,,
23,2FB0FAA1d429421,15,Colleen,Howard,Greer and Sons,Brittanyview,Paraguay,193-508-5151,FALSE,,947-115-7711,5488,rsingleton@ryan-cherry.com,8/19/2020,http://paul.biz/,,,
24,010468dAA11382c,15,Janet,Valenzuela,Watts-Donaldson,Veronicamouth,Lao People's Democratic Republic,354-259-5062,FALSE,7538,500.433.2022,,stefanie71@spence.com,9/8/2020,https://moreno.biz/,,,
25,eC1927Ca84E033e,15,Shane,Wilcox,Tucker LLC,Bryanville,Albania,429-005-9030,FALSE,11004,541-116-4501,,mariah88@santos.com,4/6/2021,https://www.ramos.com/,,,
26,09D7D7C8Fe09aea,15,Marcus,Moody,Giles Ltd,Kaitlyntown,Panama,674-677-8623,FALSE,,909-277-5485,566,donnamullins@norris-barrett.org,5/24/2022,https://www.curry.com/,,,
27,aBdfcF2c50b0bfD,15,Dakota,Poole,Simmons Group,Michealshire,Belarus,371-987-8576,FALSE,4720,071-152-1376,,stacey67@fields.org,2/20/2022,https://sanford-wilcox.biz/,,,
28,b92EBfdF8a3f0E6,15,Frederick,Harper,"Hinton, Chaney and Stokes",South Marissatown,Switzerland,-1755,FALSE,687,264.742.7149,,jacobkhan@bright.biz,5/26/2022,https://callahan.org/,,,
29,3B5dAAFA41AFa22,15,Stefanie,Fitzpatrick,Santana-Duran,Acevedoville,Saint Vincent and the Grenadines,752-776-3286,FALSE,,-5306,85074,wterrell@clark.com,7/30/2020,https://meyers.com/,,,
30,EDA69ca7a6e96a2,15,Kent,Bradshaw,Sawyer PLC,North Harold,Tanzania,-5651,FALSE,884,126.922.6153,,qjimenez@boyd.com,4/26/2020,http://maynard-ho.com/,,,
31,64DCcDFaB9DFd4e,15,Jack,Tate,"Acosta, Petersen and Morrow",West Samuel,Zimbabwe,965-108-4406,FALSE,20714,046.906.1442,6784,gfigueroa@boone-zavala.com,9/15/2021,http://www.hawkins-ramsey.com/,,,
32,679c6c83DD872d6,15,Tom,Trujillo,Mcgee Group,Cunninghamborough,Denmark,416-338-3758,FALSE,,775-890-7209,,tapiagreg@beard.info,1/13/2022,http://www.daniels-klein.com/,,,
33,7Ce381e4Afa4ba9,15,Gabriel,Mejia,Adkins-Salinas,Port Annatown,Liechtenstein,407-724-5425,FALSE,,646.044.0696,66800,coleolson@jennings.net,4/24/2021,https://patel-hanson.info/,,,
34,A09AEc6E3bF70eE,15,Kaitlyn,Santana,Herrera Group,New Kaitlyn,United States of America,630-364-3286,FALSE,,447-710-6202,7313,georgeross@miles.org,9/21/2021,http://pham.com/,,,
35,aA9BAFfBc3710fe,15,Faith,Moon,"Waters, Chase and Aguilar",West Marthaburgh,Bahamas,-1161,FALSE,6317,-2419,,willistonya@randolph-baker.com,11/3/2021,https://spencer-charles.info/,,,
36,E11dfb2DB8C9f72,15,Tammie,Haley,"Palmer, Barnes and Houston",East Teresa,Belize,276-734-4113,FALSE,6087,430-300-8770,,harrisisaiah@jenkins.com,1/4/2022,http://evans-simon.com/,,,
37,889eCf90f68c5Da,15,Nicholas,Sosa,Jordan Ltd,South Hunter,Uruguay,661-425-6042,FALSE,,975-998-1519,,fwolfe@dorsey.com,8/10/2021,https://www.fleming-richards.com/,,,
38,7a1Ee69F4fF4B4D,15,Jordan,Gay,Glover and Sons,South Walter,Solomon Islands,720-841-7020,FALSE,,803-533-6772,,tiffanydavies@harris-mcfarland.org,2/24/2021,http://www.lee.org/,,,
39,dca4f1D0A0fc5c9,15,Bruce,Esparza,Huerta-Mclean,Poolefurt,Montenegro,559-529-4424,FALSE,,625-000-7132,367,preese@frye-vega.com,10/22/2021,http://www.farley.org/,,,
40,17aD8e2dB3df03D,15,Sherry,Garza,Anderson Ltd,West John,Poland,067-713-6440,FALSE,158,978-289-8785,5766,ann48@miller.com,11/1/2021,http://spence.com/,,,
41,2f79Cd309624Abb,15,Natalie,Gentry,Monroe PLC,West Darius,Dominican Republic,830-996-8238,FALSE,,499.122.5415,,tcummings@fitzpatrick-ashley.com,10/10/2020,http://www.dorsey.biz/,,,
42,6e5ad5a5e2bB5Ca,15,Bryan,Dunn,Kaufman and Sons,North Jimstad,Burkina Faso,710-802-5565,FALSE,,078.699.8982,13881,woodwardandres@phelps.com,9/8/2021,http://www.butler.com/,,,
43,7E441b6B228DBcA,15,Wayne,Simpson,Perkins-Trevino,East Rebekahborough,Bolivia,344-156-8632,FALSE,1869,463-445-3702,38463,barbarapittman@holder.com,12/13/2020,https://gillespie-holder.com/,,,
44,D3fC11A9C235Dc6,15,Luis,Greer,Cross PLC,North Drew,Bulgaria,336-025-6849,FALSE,701,684.698.2911,6092,bstuart@williamson-mcclure.com,5/15/2022,https://fletcher-nielsen.com/,,,
45,30Dfa48fe5Ede78,15,Rhonda,Frost,"Herrera, Shepherd and Underwood",Lake Lindaburgh,Monaco,127-081-9339,FALSE,,-3795,3492,zkrueger@wolf-chavez.net,12/6/2021,http://www.khan.com/,,,
46,fD780ED8dbEae7B,15,Joanne,Montes,"Price, Sexton and Mcdaniel",Gwendolynview,Palau,897-726-7952,FALSE,,467-886-9467,5721,juan80@henson.net,7/1/2020,http://ochoa.com/,,,
47,300A40d3ce24bBA,15,Geoffrey,Guzman,Short-Wiggins,Zimmermanland,Uzbekistan,975-235-8921,FALSE,269,983-188-6873,,bauercrystal@gay.com,4/23/2020,https://decker-kline.com/,,,
48,283DFCD0Dba40aF,15,Gloria,Mccall,"Brennan, Acosta and Ramos",North Kerriton,Ghana,445-603-6729,FALSE,,395-959-4736,4524,bartlettjenna@zuniga-moss.biz,3/11/2022,http://burgess-frank.com/,,,
49,F4Fc91fEAEad286,15,Brady,Cohen,Osborne-Erickson,North Eileenville,United Arab Emirates,741-849-0139,FALSE,524,-8215,894,mccalltyrone@durham-rose.biz,3/10/2022,http://hammond-barron.com/,,,
50,80F33Fd2AcebF05,15,Latoya,Mccann,"Hobbs, Garrett and Sanford",Port Sergiofort,Belarus,530-287-4548,FALSE,29481,162-234-0249,32790,bobhammond@barry.biz,12/2/2021,https://www.burton.com/,,,
51,Aa20BDe68eAb0e9,15,Gerald,Hawkins,"Phelps, Forbes and Koch",New Alberttown,Canada,-2017,FALSE,96168,092-508-0269,,uwarner@steele-arias.com,3/19/2021,https://valenzuela.com/,,,
52,e898eEB1B9FE22b,15,Samuel,Crawford,"May, Goodwin and Martin",South Jasmine,Algeria,802-242-7457,FALSE,,626.116.9535,8578,xpittman@ritter-carney.net,3/27/2021,https://guerrero.org/,,,
53,faCEF517ae7D8eB,15,Patricia,Goodwin,"Christian, Winters and Ellis",Cowanfort,Swaziland,322-549-7139,FALSE,70040,111-741-4173,,vaughanchristy@lara.biz,3/8/2021,http://clark.info/,,,
54,c09952De6Cda8aA,15,Stacie,Richard,Byrd Inc,New Deborah,Madagascar,622-948-3641,FALSE,24810,731-168-2893,8891,clinton85@colon-arias.org,10/15/2020,https://kim.com/,,,
55,f3BEf3Be028166f,15,Robin,West,"Nixon, Blackwell and Sosa",Wallstown,Ecuador,698-303-4267,FALSE,,683-837-7651,525,greenemiranda@zimmerman.com,1/13/2022,https://www.mora.com/,,,
56,C6F2Fc6a7948a4e,15,Ralph,Haas,Montes PLC,Lake Ellenchester,Palestinian Territory,223-927-1999,FALSE,,962-434-0867,649,goodmancesar@figueroa.biz,5/25/2020,http://may.com/,,,
57,c8FE57cBBdCDcb2,15,Phyllis,Maldonado,Costa PLC,Lake Whitney,Saint Barthelemy,450-037-0767,FALSE,,508-064-6725,17,yhanson@warner-diaz.org,1/25/2021,http://www.bernard.com/,,,
58,B5acdFC982124F2,15,Danny,Parrish,Novak LLC,East Jaredbury,United Arab Emirates,669-384-8597,FALSE,8794,506.731.5952,571,howelldarren@house-cohen.com,3/17/2021,http://www.parsons-hudson.com/,,,
59,8c7DdF10798bCC3,15,Kathy,Hill,"Moore, Mccoy and Glass",Selenabury,South Georgia and the South Sandwich Islands,171-716-2175,FALSE,310,888.625.0654,,ncamacho@boone-simmons.org,11/15/2020,http://hayden.com/,,,
60,C681dDd0cc422f7,15,Kelli,Hardy,Petty Ltd,Huangfort,Sao Tome and Principe,020-324-2191,FALSE,2022,424-157-8216,,kristopher62@oliver.com,12/20/2020,http://www.kidd.com/,,,
61,a940cE42e035F28,15,Lynn,Pham,"Brennan, Camacho and Tapia",East Pennyshire,Portugal,846-468-6834,FALSE,611,248-691-0006,,mpham@rios-guzman.com,8/21/2020,https://www.murphy.com/,,,
62,9Cf5E6AFE0aeBfd,15,Shelley,Harris,"Prince, Malone and Pugh",Port Jasminborough,Togo,423-098-0315,FALSE,8373,-9787,15194,zachary96@mitchell-bryant.org,12/10/2020,https://www.ryan.com/,,,
63,aEcbe5365BbC67D,15,Eddie,Jimenez,Caldwell Group,West Kristine,Ethiopia,-1964,FALSE,6306,026-401-7353,2417,kristiwhitney@bernard.com,3/24/2022,http://cherry.com/,,,
64,FCBdfCEAe20A8Dc,15,Chloe,Hutchinson,Simon LLC,South Julia,Netherlands,981-544-9452,FALSE,,-5505,60,leah85@sutton-terrell.com,5/15/2022,https://mitchell.info/,,,
65,636cBF0835E10ff,15,Eileen,Lynch,"Knight, Abbott and Hubbard",Helenborough,Liberia,-5239,FALSE,53578,673-779-6713,680,levigiles@vincent.com,1/2/2021,http://mckay.com/,,,
66,fF1b6c9E8Fbf1ff,15,Fernando,Lambert,Church-Banks,Lake Nancy,Lithuania,497-829-9038,FALSE,,386-374-3398,,fisherlinda@schaefer.net,4/23/2021,https://www.vang.com/,,,
67,2A13F74EAa7DA6c,15,Makayla,Cannon,Henderson Inc,Georgeport,New Caledonia,215-801-6392,FALSE,46009,027-609-6460,,scottcurtis@hurley.biz,1/20/2020,http://www.velazquez.net/,,,
68,a014Ec1b9FccC1E,15,Tom,Alvarado,Donaldson-Dougherty,South Sophiaberg,Kiribati,585-606-2980,FALSE,2258,730-797-3594,5614,nicholsonnina@montgomery.info,8/18/2020,http://odom-massey.com/,,,
69,421a109cABDf5fa,15,Virginia,Dudley,Warren Ltd,Hartbury,French Southern Territories,027-846-3705,FALSE,14184,-2455,4636,zvalencia@phelps.com,1/31/2021,http://hunter-esparza.com/,,,
70,CC68FD1D3Bbbf22,15,Riley,Good,Wade PLC,Erikaville,Canada,697-774-5822,FALSE,,855-436-7641,,alex06@galloway.com,2/3/2020,http://conway.org/,,,
71,CBCd2Ac8E3eBDF9,15,Alexandria,Buck,Keller-Coffey,Nicolasfort,Iran,078-900-4760,FALSE,76668,414-112-8700,68751,lee48@manning.com,2/20/2021,https://ramsey.org/,,,
72,Ef859092FbEcC07,15,Richard,Roth,Conway-Mcbride,New Jasmineshire,Morocco,581-440-6539,FALSE,,985-782-7463,,aharper@maddox-townsend.org,2/23/2020,https://www.brooks.com/,,,
73,F560f2d3cDFb618,15,Candice,Keller,Huynh and Sons,East Summerstad,Zimbabwe,927-965-8550,FALSE,92406,243-038-4271,53076,buckleycory@odonnell.net,8/22/2020,https://www.lucero.com/,,,
74,A3F76Be153Df4a3,15,Anita,Benson,Parrish Ltd,Skinnerport,Russian Federation,874-617-5668,FALSE,69878,399-820-6418,71,angie04@oconnell.com,2/9/2020,http://oconnor.com/,,,
75,D01Af0AF7cBbFeA,15,Regina,Stein,Guzman-Brown,Raystad,Solomon Islands,469-848-0724,FALSE,4407,085-360-4426,357,zrosario@rojas-hardin.net,1/15/2022,http://www.johnston.info/,,,
76,d40e89dCade7b2F,15,Debra,Riddle,"Chang, Aguirre and Leblanc",Colinhaven,United States Virgin Islands,-6963,FALSE,14336,303-961-4491,,shieldskerry@robles.com,7/11/2020,http://kaiser.info/,,,
77,BF6a1f9bd1bf8DE,15,Brittany,Zuniga,Mason-Hester,West Reginald,Kyrgyz Republic,050-136-9025,FALSE,,480-851-2496,157,mchandler@cochran-huerta.org,7/24/2021,http://www.boyle.com/,,,
78,FfaeFFbbbf280db,15,Cassidy,Mcmahon,"Mcguire, Huynh and Hopkins",Lake Sherryborough,Myanmar,504-077-1311,FALSE,,684-682-0021,1326,katrinalane@fitzgerald.com,10/21/2020,https://hurst.com/,,,
79,CbAE1d1e9a8dCb1,15,Laurie,Pennington,"Sanchez, Marsh and Hale",Port Katherineville,Dominica,007-155-3406,FALSE,553,-7236,277,cookejill@powell.com,6/8/2020,http://www.hebert.com/,,,
80,A7F85c1DE4dB87f,15,Alejandro,Blair,"Combs, Waller and Durham",Thomasland,Iceland,690-068-4641,FALSE,51468,555.509.8691,2329,elizabethbarr@ewing.com,9/19/2020,https://mercado-blevins.com/,,,
81,D6CEAfb3BDbaa1A,15,Leslie,Jennings,Blankenship-Arias,Coreybury,Micronesia,629-198-6346,FALSE,,075.256.0829,,corey75@wiggins.com,11/13/2021,https://www.juarez.com/,,,
82,Ebdb6F6F7c90b69,15,Kathleen,Mckay,"Coffey, Lamb and Johnson",Lake Janiceton,Saint Vincent and the Grenadines,733-910-9968,FALSE,,691-247-4128,665,chloelester@higgins-wilkinson.com,9/12/2021,http://www.owens-mooney.com/,,,
83,E8E7e8Cfe516ef0,15,Hunter,Moreno,Fitzpatrick-Lawrence,East Clinton,Isle of Man,733-833-6754,FALSE,,761-013-7121,,isaac26@benton-finley.com,12/28/2020,http://walls.info/,,,
84,78C06E9b6B3DF20,15,Chad,Davidson,Garcia-Jimenez,South Joshuashire,Oman,827-570-2958,FALSE,,804-842-4715,,justinwalters@jimenez.com,11/15/2021,http://www.garner-oliver.com/,,,
85,03A1E62ADdeb31c,15,Corey,Holt,"Mcdonald, Bird and Ramirez",New Glenda,Fiji,439-242-4986,FALSE,7918,316-270-8934,,maurice46@morgan.com,2/18/2022,http://www.watson.com/,,,
86,C6763c99d0bd16D,15,Emma,Cunningham,Stephens Inc,North Jillianview,New Zealand,128-059-0206,FALSE,60217,312-164-4545,2284,walter83@juarez.org,5/13/2022,http://www.reid.info/,,,
87,ebe77E5Bf9476CE,15,Duane,Woods,Montoya-Miller,Lyonsberg,Maldives,636-544-7783,FALSE,7288,203-287-1003,5932,kmercer@wagner.com,7/21/2020,http://murray.org/,,,
88,E4Bbcd8AD81fC5f,15,Alison,Vargas,"Vaughn, Watts and Leach",East Cristinabury,Benin,365-273-8144,FALSE,,053-308-7653,6287,vcantu@norton.com,11/10/2020,http://mason.info/,,,
89,efeb73245CDf1fF,15,Vernon,Kane,Carter-Strickland,Thomasfurt,Yemen,114-854-1159,FALSE,555,499-608-4612,,hilljesse@barrett.info,4/15/2021,http://www.duffy-hensley.net/,,,
90,37Ec4B395641c1E,15,Lori,Flowers,Decker-Mcknight,North Joeburgh,Namibia,679-415-1210,FALSE,,945-842-3659,4581,tyrone77@valenzuela.info,1/9/2021,http://www.deleon-crosby.com/,,,
91,5ef6d3eefdD43bE,15,Nina,Chavez,Byrd-Campbell,Cassidychester,Bhutan,053-344-3205,FALSE,,-6671,571,elliserica@frank.com,3/26/2020,https://www.pugh.com/,,,
92,98b3aeDcC3B9FF3,15,Shane,Foley,Rocha-Hart,South Dannymouth,Hungary,-1692,FALSE,,626-114-5844,55073,nsteele@sparks.com,7/6/2021,https://www.holt-sparks.com/,,,
93,aAb6AFc7AfD0fF3,15,Collin,Ayers,Lamb-Peterson,South Lonnie,Anguilla,404-645-5351,FALSE,12,257-582-8850,8516,dudleyemily@gonzales.biz,6/29/2021,http://www.ruiz.com/,,,
94,54B5B5Fe9F1B6C5,15,Sherry,Young,"Lee, Lucero and Johnson",Frankchester,Solomon Islands,158-687-1764,FALSE,,438-375-6207,3,alan79@gates-mclaughlin.com,4/4/2021,https://travis.net/,,,
95,BE91A0bdcA49Bbc,15,Darrell,Douglas,"Newton, Petersen and Mathis",Daisyborough,Mali,084-845-9524,FALSE,1777,769-564-6303,,grayjean@lowery-good.com,2/17/2022,https://banks.biz/,,,
96,cb8E23e48d22Eae,15,Karl,Greer,Carey LLC,East Richard,Guyana,188-169-1674,FALSE,58692,841-293-3519,614,hhart@jensen.com,1/30/2022,http://hayes-perez.com/,,,
97,CeD220bdAaCfaDf,15,Lynn,Atkinson,"Ware, Burns and Oneal",New Bradview,Sri Lanka,-3769,FALSE,,605.413.3198,,vkemp@ferrell.com,7/10/2021,https://novak-allison.com/,,,
98,28CDbC0dFe4b1Db,15,Fred,Guerra,Schmitt-Jones,Ortegaland,Solomon Islands,-9238,FALSE,7170,-8804,92121,swagner@kane.org,9/18/2021,https://www.ross.com/,,,
99,c23d1D9EE8DEB0A,15,Yvonne,Farmer,Fitzgerald-Harrell,Lake Elijahview,Aruba,530-311-9786,FALSE,,869-452-0943,12424,mccarthystephen@horn-green.biz,8/11/2021,http://watkins.info/,,,
100,2354a0E336A91A1,15,Clarence,Haynes,"Le, Nash and Cross",Judymouth,Honduras,753-813-6941,FALSE,,783.639.1472,,colleen91@faulkner.biz,3/11/2020,http://www.hatfield-saunders.net/,,,
101,cafebbc7000722f,15,Sakaguchi,Abbas,Shannon-Harmon,North York,Canada,991-312-0859,FALSE,,447.581.1695x87012,,sakaguchiabbas@email.com,3/27/2021,http://curtis-archer.info/,,,
102,8a6f5b400003650,15,Dorion,Richard,Wilkinson Inc,Montreal,Canada,+1-841-655-9574x649,FALSE,,+1-163-615-2531x196,,dorionrichard@email.com,3/1/2021,http://barr.org/,,,
103,71ad03f10006de6,15,Gougeon,Sanjay,Reed-Duffy,Montreal,Canada,8553315303,FALSE,,007-978-8023x5539,,gougeonsanjay@email.com,11/9/2020,http://chaney.info/,,,
104,e11658f6000efa8,15,Wright,Mohamed,"Haynes, Combs and Murillo",Cambridge,Canada,+1-976-946-9537x3871,FALSE,,855.438.3570,,wrightmohamed@email.com,5/31/2021,http://www.moore.com/,,,
105,e7ad1e9f000391b,15,Roman,Marian,Ballard-Wagner,Cambridge,Canada,200.514.1049x8785,FALSE,,664.086.6720x31092,,romanmarian@email.com,5/31/2021,http://myers.org/,,,
106,69fed84700024a0,15,McDiarmid,Qasim,Craig-Terrell,Cumberland,Canada,(697)793-1252x89047,FALSE,,715-480-1272x800,,mcdiarmidqasim@email.com,12/11/2020,http://www.kelly.com/,,,
107,5f3fd3f8000cfea,15,Ouellet,Anthony,Parker-Silva,Mont-Royal,Canada,001-423-840-8414x8487,FALSE,,+1-669-970-7521x862,,ouelletanthony@email.com,11/16/2021,http://www.park.com/,,,
108,10cedff9000a31a,15,Luehof,Bill,Morgan LLC,North York,Canada,099.650.6578x8956,FALSE,,938.824.8764,,luehofbill@email.com,5/31/2021,http://waller.com/,,,
109,b1eb029600074d4,15,Allaire,Tony,"Allison, Ward and Lynn",St Bonaventure,Canada,001-462-834-1009x40782,FALSE,,+1-819-553-6170x0036,,allairetony@email.com,3/31/2021,http://www.sanford.info/,,,
110,cba2db690004f97,15,Kither,Luc,"Andersen, Gaines and Norman",ARMADALE,Australia,1210697901,FALSE,,012-717-5375,,kitherluc@email.com,11/30/2021,http://ellison-cobb.com/,,,
111,d9da476a000da8e,15,Allison,Christian,"Marshall, Warren and Holloway",Oakville,Canada,(769)024-8085,FALSE,,001-959-534-1765,,allisonchristian@email.com,4/5/2021,http://gonzales.com/,,,
112,07a78bd9000dbbf,15,Foo,Ioan,Estes Ltd,Singapore 548241,Singapore,077.521.8857,FALSE,,491-663-4316,,fooioan@email.com,12/31/2020,http://lester.net/,,,
113,48fcd4c90008ecf,15,Rasko,Mohammed,Fuller Ltd,Edmonton,Canada,338-335-9171x416,FALSE,,+1-767-741-2616x384,,raskomohammed@email.com,8/17/2021,http://hardin.net/,,,
114,a8744d260007dd7,15,Johnston,Henry,"Werner, Best and Hurley",Guelph,Canada,(017)947-6945x09659,FALSE,,001-952-225-1045x832,,johnstonhenry@email.com,3/6/2021,http://bartlett.com/,,,
115,461019ac0004b3f,15,Fleming,Maureen,"Rogers, Boyle and Farmer",Calgary,Canada,(815)925-7175x4081,FALSE,,(616)615-9255,,flemingmaureen@email.com,7/29/2021,http://stephens.net/,,,
116,887fb5b2000c7ee,15,Tseng,Michael,Gonzalez-Hurley,Hsin-Chu 300,Taiwan,+1-122-513-5302x06880,FALSE,,296.634.2399x39373,,tsengmichael@email.com,12/8/2021,http://www.mayo.com/,,,
117,1de0afcb0001423,15,Longley,Michael,Johnson Ltd,Newmarket,Canada,(156)633-3743x2060,FALSE,,001-549-475-9969x0352,,longleymichael@email.com,10/31/2021,http://wood.org/,,,
118,b6f756d10005989,15,Frank,Adil,Dougherty LLC,D-97502 Euerbach,Germany,(603)991-6573,FALSE,,001-566-074-0373x42276,,frankadil@email.com,4/24/2021,http://www.goodman.com/,,,
119,e4a60dc7000b7b7,15,Arbuthnot,Vanel,Lamb LLC,Toronto,Canada,627.385.1633x91447,FALSE,,118.872.5638,,arbuthnotvanel@email.com,11/10/2020,http://www.mills.com/,,,
120,2e99e70c0005fa9,15,Blackwell,Lee,Osborne Ltd,Ottawa,Canada,001-046-751-3833x493,FALSE,,323.710.2957x327,,blackwelllee@email.com,12/3/2020,http://perkins.net/,,,
121,223976da000dfb1,15,Green,Tania,Price-Benton,Brockville,Canada,7856729623,FALSE,,350-407-8640,,greentania@email.com,12/31/2021,http://www.jenkins-harrison.net/,,,
122,be75cc84000fce3,15,Dickinson,Ron,"Reynolds, Curtis and Lamb",300191 Tianjin,China,001-928-124-3993x62776,FALSE,,001-999-745-4235,,dickinsonron@email.com,8/2/2021,http://gallagher-ellison.biz/,,,
123,43e0765300098bf,15,Townsend,Elizabeth,Horne and Sons,Surrey,Canada,110.119.5793,FALSE,,(564)069-5663x26208,,townsendelizabeth@email.com,5/31/2021,http://knapp-mcpherson.com/,,,
124,8eb59abd00002ce,15,Soong,Danielle,"Kaufman, Rangel and Beck",Thornhill,Canada,319-180-7553,FALSE,,070.231.7216x874,,soongdanielle@email.com,9/30/2021,http://humphrey.com/,,,
125,c0991f890001f3b,15,Boswell,Richard,Vega Ltd,Sandton,South Africa,451-227-6682,FALSE,,624.936.0823,,boswellrichard@email.com,4/30/2021,http://kent.biz/,,,
126,e9099042000d5d9,15,Maille,Donald,Blankenship Group,Montreal,Canada,001-297-402-3698x6550,FALSE,,3852076147,,mailledonald@email.com,6/28/2021,http://www.pacheco-hodges.org/,,,
127,4528d38a0001500,15,Bowers,Jean-Marc,Colon-Drake,Walkerton,Canada,918.645.0324,FALSE,,196-586-9447x4670,,bowersjean-marc@email.com,9/30/2021,http://www.serrano-lang.biz/,,,
128,887d5433000c506,15,Roberge,Peter,Rollins Ltd,Pointe-Claire,Canada,659-811-0503x688,FALSE,,(830)120-2630,,robergepeter@email.com,6/30/2021,http://www.soto-rocha.com/,,,
129,b55ae707000b120,15,Newton,Ferdinando,"Malone, Rowland and Bullock",Roseneath,Canada,(603)418-3398,FALSE,,489-980-5927x13098,,newtonferdinando@email.com,7/17/2021,http://guerrero-horne.com/,,,
130,014c9ddb000f8f9,15,Cornelissen,Peter,Townsend-Weber,London,Canada,(479)559-6654x369,FALSE,,834-594-5128x556,,cornelissenpeter@email.com,11/16/2021,http://mcintosh-bishop.com/,,,
131,dcc8d31800084ed,15,Beaudoin,Shellie,Spears LLC,Boucherville,Canada,+1-897-696-6031x3653,FALSE,,273.443.5672x527,,beaudoinshellie@email.com,12/15/2020,http://www.underwood.com/,,,
132,4e69fe580008861,15,Cowan,Srikanth,Holmes-Walls,Toronto,Canada,575.959.4454x2883,FALSE,,(913)040-5595x86422,,cowansrikanth@email.com,12/18/2021,http://www.dean.biz/,,,
133,d864dbce000b1dd,15,Companys,Roger,Huynh-Phillips,08029 Barcelona,Spain,397-504-3967x1627,FALSE,,400.296.8618x968,,companysroger@email.com,5/31/2021,http://www.dalton.com/,,,
134,2a2887f00009ce0,15,Gloutnay,Don,Cohen-Henderson,La Prairie,Canada,870-417-5661x107,FALSE,,001-793-402-5061x556,,gloutnaydon@email.com,10/31/2021,http://lynn.com/,,,
135,485c7ab0000061b,15,Tardi,Mohammed,Bowen Inc,Coquitlam,Canada,366.661.5271x8254,FALSE,,785.359.4718x9134,,tardimohammed@email.com,9/19/2021,http://brown.biz/,,,
136,9ddf4811000ca92,15,Alonso,Michael,"Hogan, Rice and Roy",28036 MADRID,Spain,380.617.7801x03749,FALSE,,(114)259-4382x840,,alonsomichael@email.com,3/13/2021,http://www.cooke.com/,,,
137,417fdde8000f3d3,15,Legentil,Charles,Farrell-Bryan,Saint-Laurent,Canada,061-967-9081,FALSE,,-3470,,legentilcharles@email.com,6/30/2021,http://zamora-ross.org/,,,
138,f5f89f4c0001e1b,15,Fielenbach,Gordon,Boyer-Hart,D-79713 Bad Saeckingen,Germany,(079)417-9763x1173,FALSE,,+1-729-401-8838x87500,,fielenbachgordon@email.com,6/30/2021,http://estes.com/,,,
139,9acf8eb1000aa8d,15,Verwoerd,Robert,Glover-Roberts,6644 AZ Ewijk,Netherlands,236.969.0967,FALSE,,001-632-797-8496x863,,verwoerdrobert@email.com,3/14/2021,http://www.anthony-davis.info/,,,
140,23a1e1410005410,15,Bruns,J Clark,Mckenzie-Simon,Cambridge,Canada,(504)650-1379,FALSE,,4712298657,,brunsj clark@email.com,5/31/2021,http://www.barry.com/,,,
141,1d6e5054000e25b,15,Desbiens,Eriks,"Booker, Castillo and Beck",Chateauguay,Canada,(996)187-8214,FALSE,,052.968.8180,,desbienseriks@email.com,3/31/2021,http://www.gutierrez.com/,,,
142,317bf78c0003d31,15,Landry,Bernard,Mercer-Booth,Montreal,Canada,(907)325-7885x7308,FALSE,,762-711-5467x5074,,landrybernard@email.com,6/30/2021,http://www.wyatt.com/,,,
143,6f159c89000e327,15,Murphy,Claude,Thompson-Fritz,Mississauga,Canada,499.678.2793x98018,FALSE,,001-516-823-2327,,murphyclaude@email.com,1/31/2021,http://www.velasquez-white.org/,,,
144,3d8333c1000a2d3,15,L'Abbe,Luc,"Fleming, Zamora and Graham",Laval,Canada,(333)046-0351x615,FALSE,,+1-201-503-1285x2179,,labbeluc@email.com,10/1/2021,http://www.owen.org/,,,
145,165120c10004508,15,Bickle,Jan,Tanner-Richards,Ajax,Canada,001-678-518-4984,FALSE,,875-641-0333x950,,bicklejan@email.com,10/31/2021,http://www.richard-horne.biz/,,,
146,831b7fdb0009a64,15,Gravel,Allen,Navarro-Payne,Montreal,Canada,001-662-590-1788x0872,FALSE,,(143)161-4985x7802,,gravelallen@email.com,5/14/2021,http://www.matthews-ware.com/,,,
147,dcc3af210003773,15,Beaudoin,Wally,Conrad-Hanson,Saint-Laurent,Canada,815.244.2002x72047,FALSE,,6212709355,,beaudoinwally@email.com,2/17/2021,http://www.donaldson-vega.com/,,,
148,d4958ebb0000d2a,15,Livingstone,John,Bernard and Sons,Kentville,Canada,256-921-9316x481,FALSE,,530.747.6571x6219,,livingstonejohn@email.com,8/22/2021,http://www.barron.com/,,,
149,a164afab00005a8,15,Dusome,Geoff,"Rodgers, Bullock and Daniels",Winnipeg,Canada,159.547.6407,FALSE,,001-166-934-2168x4200,,dusomegeoff@email.com,10/31/2021,http://colon.com/,,,
150,bfd3839f0008b06,15,Sauter Miller,Roshni,"Schaefer, Hobbs and Wells",1000 San Jose,Costa Rica,912.173.7608,FALSE,,126-581-3225x65166,,sauter millerroshni@email.com,10/30/2021,http://fritz-alexander.org/,,,
151,dfb2d24b0003f99,15,Silva,David,Blackwell-Randall,6219 NT MAASSTRICHT,Netherlands,396.483.1471x07583,FALSE,,+1-496-386-6284x84289,,silvadavid@email.com,10/31/2021,http://randolph-kane.biz/,,,
152,d92b4f0b000573d,15,Bergkamp,Brian,Perry and Sons,5685 BC BEST,Netherlands,241.537.5263x1064,FALSE,,+1-091-580-3447x663,,bergkampbrian@email.com,7/24/2021,http://murray.com/,,,
153,dd46f4b4000aa89,15,Daamen,Dean,"Fleming, Johns and Morrow",3823 DP AMERSFOORT,Netherlands,807.797.8740,FALSE,,005-389-4368x70486,,daamendean@email.com,7/15/2021,http://www.lin-flowers.com/,,,
154,b88a1ff7000570f,15,Bechte,Lester,Ingram-Murphy,30459 Hannover,Germany,159-731-3544x87205,FALSE,,752.880.9590x311,,bechtelester@email.com,12/15/2020,http://booth.com/,,,
155,1609dff40003b3a,15,Meyers,Reinaldo,"Parsons, Kerr and Robbins",Dhahran,Saudi Arabia,(020)378-7777x162,FALSE,,(551)426-3999x95752,,meyersreinaldo@email.com,9/19/2021,http://www.austin.com/,,,
156,cf427251000a71c,15,Peddie-Vasquez,Linda,"Ali, Woodward and Woodard",Orangeville,Canada,776.325.2657,FALSE,,793-131-4867,,peddie-vasquezlinda@email.com,2/27/2021,http://www.ayers-jensen.com/,,,
157,d1801747000eeb4,15,Remecki,Leigh,"Galloway, Owen and Ibarra",Mirabel,Canada,(981)851-6829,FALSE,,(443)349-2802x1242,,remeckileigh@email.com,5/31/2021,http://castillo.com/,,,
158,4ccf2a45000a0b1,15,Wesenberg,Cornelis,Zamora and Sons,Ottawa,Canada,578-124-7689x3297,FALSE,,069-988-0883,,wesenbergcornelis@email.com,11/30/2020,http://moon-parsons.com/,,,
159,b616459d0000d43,15,Kaufman,Alan,Francis-Kline,Kitchener,Canada,001-773-187-1234x94616,FALSE,,070-346-3476,,kaufmanalan@email.com,1/8/2021,http://hooper-humphrey.com/,,,
160,6a6c28b8000cc0a,15,Enns,John,Jones and Sons,Calgary,Canada,001-219-079-3350x2930,FALSE,,659-301-1825x6764,,ennsjohn@email.com,4/24/2021,http://www.waller.com/,,,
161,74712905000bcf2,15,Myers,Haruki,Montoya PLC,Mississauga,Canada,795-178-9635x4691,FALSE,,470-901-6154x7351,,myersharuki@email.com,6/30/2021,http://www.rosario.com/,,,
162,3f1fe2700007f61,15,Homburg,Phillipe,Pugh-Odom,4002 GB TIEL,Netherlands,803.568.5156x37413,FALSE,,(534)578-6289,,homburgphillipe@email.com,5/16/2021,http://lawrence.biz/,,,
163,88839dbb0004330,15,Ulmer,Donald,Rhodes-Carter,Kanata,Canada,5756499602,FALSE,,749-695-2828,,ulmerdonald@email.com,1/4/2021,http://kirk.org/,,,
164,b7d892f400092d9,15,Alarie,Andre,Estrada-Atkins,Saint-Romuald,Canada,797.490.4550,FALSE,,930-650-3473x47188,,alarieandre@email.com,10/10/2021,http://www.boone.com/,,,
165,452ec3ff0003432,15,Francis,Ellen,Chan Ltd,Burnaby,Canada,174.469.3483x5013,FALSE,,001-603-374-1226x1406,,francisellen@email.com,11/30/2021,http://www.hess.net/,,,
166,6400bbda0004d61,15,Drolet,Ramon,Harrell PLC,Saint-Francois-de-la-Rivere-du-Sud,Canada,073.458.6092x9422,FALSE,,9434040481,,droletramon@email.com,1/27/2021,http://frazier-stephenson.org/,,,
167,9fb181570001f78,15,Belley,Pierre,Mayer PLC,Montreal,Canada,(220)915-3707x535,FALSE,,760-365-3897,,belleypierre@email.com,4/30/2021,http://nixon.com/,,,
168,d1a18f700001d8a,15,Zimmermann,Ron,"Bautista, Blevins and Joyce",Chateauguay,Canada,(134)470-3456x44117,FALSE,,+1-195-208-7749x5746,,zimmermannron@email.com,8/26/2021,http://bean.net/,,,
169,7c6fbc750004c3b,15,Aaram,Francisco,Mercer and Sons,1346 GJETTUM,Norway,(337)643-5663,FALSE,,182.859.7395x1302,,aaramfrancisco@email.com,1/31/2021,http://www.nixon.com/,,,
170,9adacc4c00000ee,15,Broker,Bruce,Cardenas-Carney,5627 HC Eindhoven,Netherlands,437-970-3543x058,FALSE,,+1-484-993-6871x192,,brokerbruce@email.com,3/14/2021,http://blackwell-stout.net/,,,
171,4983139d0003500,15,Mercure,Garry,Garrett-Gallagher,Pierrefond,Canada,(408)278-0968x17796,FALSE,,526.729.4712,,mercuregarry@email.com,3/1/2021,http://www.ruiz.com/,,,
172,970415fe0000bf9,15,Paquin,Howard,"Keith, Howard and Hawkins",Ottawa,Canada,156-363-2974,FALSE,,101.514.2162x8945,,paquinhoward@email.com,6/12/2021,http://www.livingston.com/,,,
173,1625e2d10003357,15,Hoon,Hamid,Huber-Castro,SINGAPORE,Singapore,6327004999,FALSE,,001-375-954-4398x4599,,hoonhamid@email.com,6/28/2021,http://www.atkinson.net/,,,
174,b8077bac000ccd1,15,Cook,Marie,Rose Ltd,Vancouver,Canada,001-499-415-9248x7727,FALSE,,+1-960-370-6804x659,,cookmarie@email.com,4/30/2021,http://www.glover.org/,,,
175,0ebffa1d0008c96,15,Faccone,Robert,Gentry-Waters,Dorval,Canada,894-188-0945x0557,FALSE,,8198087937,,facconerobert@email.com,6/30/2021,http://jimenez.net/,,,
176,eed266480000ebf,15,Wadsworth,Dave,Fisher PLC,Toronto,Canada,001-744-078-1419x1464,FALSE,,(463)492-5230,,wadsworthdave@email.com,10/22/2021,http://coffey.net/,,,
177,c3a1446e000fedf,15,Di Mario,Ross,"Thompson, Sellers and Lloyd",Stittsville,Canada,-5013,FALSE,,467.716.8716x4461,,di marioross@email.com,4/30/2021,http://fernandez.com/,,,
178,b24e79e9000d091,15,Hickey,John,"Rice, Gould and Mccall",Port Colborne,Canada,4682694682,FALSE,,001-655-716-4940x871,,hickeyjohn@email.com,10/31/2021,http://www.phillips.info/,,,
179,b718bf61000d269,15,Shipley,Wilhelm,Cordova Group,Elmira,Canada,725.960.3587,FALSE,,6110447130,,shipleywilhelm@email.com,11/17/2021,http://www.jenkins-krueger.info/,,,
180,6162b2210004014,15,Desjardins,David,Kramer-Parsons,Mont-Royal,Canada,(836)038-9393x026,FALSE,,001-691-674-8671,,desjardinsdavid@email.com,3/19/2021,http://www.carr.org/,,,
181,b2e3bc8c000219c,15,McAllister,Brent,Rice LLC,Niagara Falls,Canada,841.483.3064,FALSE,,(274)619-0114,,mcallisterbrent@email.com,3/2/2021,http://monroe.info/,,,