Index,CustomerId,Name,Company,City,Country,Phone 1,Phone 2,Email,Subscription Date,Website,Phone 1 Blanks,Phone 2 Blanks,Customer ID Lengths,Subscriptions Before 2022
1,DD37Cf93aecA6Dc,Sheryl Baxter,Rasmussen Group,East Leonard,Chile,229-077-5154,229-077-5154,zunigavanessa@smith.info,8/24/20,http://www.stephenson.com/,FALSE,FALSE,15,161
2,1Ef7b82A4CAAD10,Preston Lozano,Vega-Gentry,East Jimmychester,Djibouti,515-343-5776,515-343-5776,vmata@colon.com,4/23/21,http://www.hobbs.com/,FALSE,FALSE,15,
3,6F94879bDAfE5a6,Roy Berry,Murillo-Perry,Isabelborough,Antigua and Barbuda,-1199,-1199,beckycarr@hogan.com,3/25/20,http://www.lawrence.com/,FALSE,FALSE,15,
4,5Cef8BFA16c5e3c,Linda Olsen,"Dominguez, Mcmillan and Donovan",Bensonview,Dominican Republic,808-617-6467,808-617-6467,stanleyblackwell@benson.org,6/2/20,http://www.good-lyons.com/,FALSE,FALSE,15,
5,053d585Ab6b3159,Joanna Bender,"Martin, Lang and Andrade",West Priscilla,Slovakia (Slovak Republic),234-203-0635,234-203-0635,colinalvarado@miles.net,4/17/21,https://goodwin-ingram.com/,FALSE,FALSE,15,
6,2d08FB17EE273F4,Aimee Downs,Steele Group,Chavezborough,Bosnia and Herzegovina,283-437-3886,283-437-3886,louis27@gilbert.com,2/25/20,http://www.berger.net/,FALSE,FALSE,15,
7,EA4d384DfDbBf77,Darren Peck,"Lester, Woodard and Mitchell",Lake Ana,Pitcairn Islands,496-452-6181,496-452-6181,tgates@cantrell.com,8/24/21,https://www.le.com/,FALSE,FALSE,15,
8,0e04AFde9f225dE,Brett Mullen,"Sanford, Davenport and Giles",Kimport,Bulgaria,583-352-7197,583-352-7197,asnow@colon.com,4/12/21,https://hammond-ramsey.com/,FALSE,FALSE,15,
9,C2dE4dEEc489ae0,Sheryl Meyers,Browning-Simon,Robersonstad,Cyprus,854-138-4911,854-138-4911,mariokhan@ryan-pope.org,1/13/20,https://www.bullock.net/,FALSE,FALSE,15,
10,8C2811a503C7c5a,Michelle Gallagher,Beck-Hendrix,Elaineberg,Timor-Leste,739-218-2516,739-218-2516,mdyer@escobar.net,11/8/21,https://arias.com/,FALSE,FALSE,15,
11,216E205d6eBb815,Carl Schroeder,"Oconnell, Meza and Everett",Shannonville,Guernsey,637-854-0256,637-854-0256,kirksalas@webb.com,10/20/21,https://simmons-hurley.com/,FALSE,FALSE,15,
12,CEDec94deE6d69B,Jenna Dodson,"Hoffman, Reed and Mcclain",East Andrea,Vietnam,041-737-3846,041-737-3846,mark42@robbins.com,11/29/20,http://www.douglas.net/,FALSE,FALSE,15,
13,e35426EbDEceaFF,Tracey Mata,Graham-Francis,South Joannamouth,Togo,949-844-8787,949-844-8787,alex56@walls.org,12/2/21,http://www.beck.com/,FALSE,FALSE,15,
14,A08A8aF8BE9FaD4,Kristine Cox,Carpenter-Cook,Jodyberg,Sri Lanka,786-284-3358,786-284-3358,holdenmiranda@clarke.com,2/8/21,https://www.brandt.com/,FALSE,FALSE,15,
15,6fEaA1b7cab7B6C,Faith Lutz,Carter-Hancock,Burchbury,Singapore,781-861-7180,781-861-7180,cassieparrish@blevins-chapman.net,1/26/22,http://stevenson.org/,FALSE,FALSE,15,
16,8cad0b4CBceaeec,Miranda Beasley,Singleton and Sons,Desireeshire,Oman,540-085-3135,540-085-3135,vduncan@parks-hardy.com,4/12/22,http://acosta.org/,FALSE,FALSE,15,
17,a5DC21AE3a21eaA,Caroline Foley,Winters-Mendoza,West Adriennestad,Western Sahara,936-222-4746,936-222-4746,holtgwendolyn@watson-davenport.com,3/10/21,http://www.benson-roth.com/,FALSE,FALSE,15,
18,F8Aa9d6DfcBeeF8,Greg Mata,Valentine LLC,Lake Leslie,Mozambique,701-087-2415,701-087-2415,jaredjuarez@carroll.org,3/26/22,http://pitts-cherry.com/,FALSE,FALSE,15,
19,F160f5Db3EfE973,Clifford Jacobson,Simon LLC,Harmonview,South Georgia and the South Sandwich Islands,151-330-3524,151-330-3524,joseph26@jacobson.com,9/24/20,https://mcconnell.com/,FALSE,FALSE,15,
20,0F60FF3DdCd7aB0,Joanna Kirk,Mays-Mccormick,Jamesshire,French Polynesia,266-131-7001,266-131-7001,tuckerangie@salazar.net,9/24/21,https://www.camacho.net/,FALSE,FALSE,15,
21,9F9AdB7B8A6f7F2,Maxwell Frye,Patterson Inc,East Carly,Malta,423-262-3059,423-262-3059,fgibson@drake-webb.com,1/12/22,http://www.roberts.com/,FALSE,FALSE,15,
22,FBd0Ded4F02a742,Kiara Houston,"Manning, Hester and Arroyo",South Alvin,Netherlands,274-040-3582,274-040-3582,blanchardbob@wallace-shannon.com,9/15/20,https://www.reid-potts.com/,FALSE,FALSE,15,
23,2FB0FAA1d429421,Colleen Howard,Greer and Sons,Brittanyview,Paraguay,193-508-5151,193-508-5151,rsingleton@ryan-cherry.com,8/19/20,http://paul.biz/,FALSE,FALSE,15,
24,010468dAA11382c,Janet Valenzuela,Watts-Donaldson,Veronicamouth,Lao People's Democratic Republic,354-259-5062,354-259-5062,stefanie71@spence.com,9/8/20,https://moreno.biz/,FALSE,FALSE,15,
25,eC1927Ca84E033e,Shane Wilcox,Tucker LLC,Bryanville,Albania,429-005-9030,429-005-9030,mariah88@santos.com,4/6/21,https://www.ramos.com/,FALSE,FALSE,15,
26,09D7D7C8Fe09aea,Marcus Moody,Giles Ltd,Kaitlyntown,Panama,674-677-8623,674-677-8623,donnamullins@norris-barrett.org,5/24/22,https://www.curry.com/,FALSE,FALSE,15,
27,aBdfcF2c50b0bfD,Dakota Poole,Simmons Group,Michealshire,Belarus,371-987-8576,371-987-8576,stacey67@fields.org,2/20/22,https://sanford-wilcox.biz/,FALSE,FALSE,15,
28,b92EBfdF8a3f0E6,Frederick Harper,"Hinton, Chaney and Stokes",South Marissatown,Switzerland,-1755,-1755,jacobkhan@bright.biz,5/26/22,https://callahan.org/,FALSE,FALSE,15,
29,3B5dAAFA41AFa22,Stefanie Fitzpatrick,Santana-Duran,Acevedoville,Saint Vincent and the Grenadines,752-776-3286,752-776-3286,wterrell@clark.com,7/30/20,https://meyers.com/,FALSE,FALSE,15,
30,EDA69ca7a6e96a2,Kent Bradshaw,Sawyer PLC,North Harold,Tanzania,-5651,-5651,qjimenez@boyd.com,4/26/20,http://maynard-ho.com/,FALSE,FALSE,15,
31,64DCcDFaB9DFd4e,Jack Tate,"Acosta, Petersen and Morrow",West Samuel,Zimbabwe,965-108-4406,965-108-4406,gfigueroa@boone-zavala.com,9/15/21,http://www.hawkins-ramsey.com/,FALSE,FALSE,15,
32,679c6c83DD872d6,Tom Trujillo,Mcgee Group,Cunninghamborough,Denmark,416-338-3758,416-338-3758,tapiagreg@beard.info,1/13/22,http://www.daniels-klein.com/,FALSE,FALSE,15,
33,7Ce381e4Afa4ba9,Gabriel Mejia,Adkins-Salinas,Port Annatown,Liechtenstein,407-724-5425,407-724-5425,coleolson@jennings.net,4/24/21,https://patel-hanson.info/,FALSE,FALSE,15,
34,A09AEc6E3bF70eE,Kaitlyn Santana,Herrera Group,New Kaitlyn,United States of America,630-364-3286,630-364-3286,georgeross@miles.org,9/21/21,http://pham.com/,FALSE,FALSE,15,
35,aA9BAFfBc3710fe,Faith Moon,"Waters, Chase and Aguilar",West Marthaburgh,Bahamas,-1161,-1161,willistonya@randolph-baker.com,11/3/21,https://spencer-charles.info/,FALSE,FALSE,15,
36,E11dfb2DB8C9f72,Tammie Haley,"Palmer, Barnes and Houston",East Teresa,Belize,276-734-4113,276-734-4113,harrisisaiah@jenkins.com,1/4/22,http://evans-simon.com/,FALSE,FALSE,15,
37,889eCf90f68c5Da,Nicholas Sosa,Jordan Ltd,South Hunter,Uruguay,661-425-6042,661-425-6042,fwolfe@dorsey.com,8/10/21,https://www.fleming-richards.com/,FALSE,FALSE,15,
38,7a1Ee69F4fF4B4D,Jordan Gay,Glover and Sons,South Walter,Solomon Islands,720-841-7020,720-841-7020,tiffanydavies@harris-mcfarland.org,2/24/21,http://www.lee.org/,FALSE,FALSE,15,
39,dca4f1D0A0fc5c9,Bruce Esparza,Huerta-Mclean,Poolefurt,Montenegro,559-529-4424,559-529-4424,preese@frye-vega.com,10/22/21,http://www.farley.org/,FALSE,FALSE,15,
40,17aD8e2dB3df03D,Sherry Garza,Anderson Ltd,West John,Poland,067-713-6440,067-713-6440,ann48@miller.com,11/1/21,http://spence.com/,FALSE,FALSE,15,
41,2f79Cd309624Abb,Natalie Gentry,Monroe PLC,West Darius,Dominican Republic,830-996-8238,830-996-8238,tcummings@fitzpatrick-ashley.com,10/10/20,http://www.dorsey.biz/,FALSE,FALSE,15,
42,6e5ad5a5e2bB5Ca,Bryan Dunn,Kaufman and Sons,North Jimstad,Burkina Faso,710-802-5565,710-802-5565,woodwardandres@phelps.com,9/8/21,http://www.butler.com/,FALSE,FALSE,15,
43,7E441b6B228DBcA,Wayne Simpson,Perkins-Trevino,East Rebekahborough,Bolivia,344-156-8632,344-156-8632,barbarapittman@holder.com,12/13/20,https://gillespie-holder.com/,FALSE,FALSE,15,
44,D3fC11A9C235Dc6,Luis Greer,Cross PLC,North Drew,Bulgaria,336-025-6849,336-025-6849,bstuart@williamson-mcclure.com,5/15/22,https://fletcher-nielsen.com/,FALSE,FALSE,15,
45,30Dfa48fe5Ede78,Rhonda Frost,"Herrera, Shepherd and Underwood",Lake Lindaburgh,Monaco,127-081-9339,127-081-9339,zkrueger@wolf-chavez.net,12/6/21,http://www.khan.com/,FALSE,FALSE,15,
46,fD780ED8dbEae7B,Joanne Montes,"Price, Sexton and Mcdaniel",Gwendolynview,Palau,897-726-7952,897-726-7952,juan80@henson.net,7/1/20,http://ochoa.com/,FALSE,FALSE,15,
47,300A40d3ce24bBA,Geoffrey Guzman,Short-Wiggins,Zimmermanland,Uzbekistan,975-235-8921,975-235-8921,bauercrystal@gay.com,4/23/20,https://decker-kline.com/,FALSE,FALSE,15,
48,283DFCD0Dba40aF,Gloria Mccall,"Brennan, Acosta and Ramos",North Kerriton,Ghana,445-603-6729,445-603-6729,bartlettjenna@zuniga-moss.biz,3/11/22,http://burgess-frank.com/,FALSE,FALSE,15,
49,F4Fc91fEAEad286,Brady Cohen,Osborne-Erickson,North Eileenville,United Arab Emirates,741-849-0139,741-849-0139,mccalltyrone@durham-rose.biz,3/10/22,http://hammond-barron.com/,FALSE,FALSE,15,
50,80F33Fd2AcebF05,Latoya Mccann,"Hobbs, Garrett and Sanford",Port Sergiofort,Belarus,530-287-4548,530-287-4548,bobhammond@barry.biz,12/2/21,https://www.burton.com/,FALSE,FALSE,15,
51,Aa20BDe68eAb0e9,Gerald Hawkins,"Phelps, Forbes and Koch",New Alberttown,Canada,-2017,-2017,uwarner@steele-arias.com,3/19/21,https://valenzuela.com/,FALSE,FALSE,15,
52,e898eEB1B9FE22b,Samuel Crawford,"May, Goodwin and Martin",South Jasmine,Algeria,802-242-7457,802-242-7457,xpittman@ritter-carney.net,3/27/21,https://guerrero.org/,FALSE,FALSE,15,
53,faCEF517ae7D8eB,Patricia Goodwin,"Christian, Winters and Ellis",Cowanfort,Swaziland,322-549-7139,322-549-7139,vaughanchristy@lara.biz,3/8/21,http://clark.info/,FALSE,FALSE,15,
54,c09952De6Cda8aA,Stacie Richard,Byrd Inc,New Deborah,Madagascar,622-948-3641,622-948-3641,clinton85@colon-arias.org,10/15/20,https://kim.com/,FALSE,FALSE,15,
55,f3BEf3Be028166f,Robin West,"Nixon, Blackwell and Sosa",Wallstown,Ecuador,698-303-4267,698-303-4267,greenemiranda@zimmerman.com,1/13/22,https://www.mora.com/,FALSE,FALSE,15,
56,C6F2Fc6a7948a4e,Ralph Haas,Montes PLC,Lake Ellenchester,Palestinian Territory,223-927-1999,223-927-1999,goodmancesar@figueroa.biz,5/25/20,http://may.com/,FALSE,FALSE,15,
57,c8FE57cBBdCDcb2,Phyllis Maldonado,Costa PLC,Lake Whitney,Saint Barthelemy,450-037-0767,450-037-0767,yhanson@warner-diaz.org,1/25/21,http://www.bernard.com/,FALSE,FALSE,15,
58,B5acdFC982124F2,Danny Parrish,Novak LLC,East Jaredbury,United Arab Emirates,669-384-8597,669-384-8597,howelldarren@house-cohen.com,3/17/21,http://www.parsons-hudson.com/,FALSE,FALSE,15,
59,8c7DdF10798bCC3,Kathy Hill,"Moore, Mccoy and Glass",Selenabury,South Georgia and the South Sandwich Islands,171-716-2175,171-716-2175,ncamacho@boone-simmons.org,11/15/20,http://hayden.com/,FALSE,FALSE,15,
60,C681dDd0cc422f7,Kelli Hardy,Petty Ltd,Huangfort,Sao Tome and Principe,020-324-2191,020-324-2191,kristopher62@oliver.com,12/20/20,http://www.kidd.com/,FALSE,FALSE,15,
61,a940cE42e035F28,Lynn Pham,"Brennan, Camacho and Tapia",East Pennyshire,Portugal,846-468-6834,846-468-6834,mpham@rios-guzman.com,8/21/20,https://www.murphy.com/,FALSE,FALSE,15,
62,9Cf5E6AFE0aeBfd,Shelley Harris,"Prince, Malone and Pugh",Port Jasminborough,Togo,423-098-0315,423-098-0315,zachary96@mitchell-bryant.org,12/10/20,https://www.ryan.com/,FALSE,FALSE,15,
63,aEcbe5365BbC67D,Eddie Jimenez,Caldwell Group,West Kristine,Ethiopia,-1964,-1964,kristiwhitney@bernard.com,3/24/22,http://cherry.com/,FALSE,FALSE,15,
64,FCBdfCEAe20A8Dc,Chloe Hutchinson,Simon LLC,South Julia,Netherlands,981-544-9452,981-544-9452,leah85@sutton-terrell.com,5/15/22,https://mitchell.info/,FALSE,FALSE,15,
65,636cBF0835E10ff,Eileen Lynch,"Knight, Abbott and Hubbard",Helenborough,Liberia,-5239,-5239,levigiles@vincent.com,1/2/21,http://mckay.com/,FALSE,FALSE,15,
66,fF1b6c9E8Fbf1ff,Fernando Lambert,Church-Banks,Lake Nancy,Lithuania,497-829-9038,497-829-9038,fisherlinda@schaefer.net,4/23/21,https://www.vang.com/,FALSE,FALSE,15,
67,2A13F74EAa7DA6c,Makayla Cannon,Henderson Inc,Georgeport,New Caledonia,215-801-6392,215-801-6392,scottcurtis@hurley.biz,1/20/20,http://www.velazquez.net/,FALSE,FALSE,15,
68,a014Ec1b9FccC1E,Tom Alvarado,Donaldson-Dougherty,South Sophiaberg,Kiribati,585-606-2980,585-606-2980,nicholsonnina@montgomery.info,8/18/20,http://odom-massey.com/,FALSE,FALSE,15,
69,421a109cABDf5fa,Virginia Dudley,Warren Ltd,Hartbury,French Southern Territories,027-846-3705,027-846-3705,zvalencia@phelps.com,1/31/21,http://hunter-esparza.com/,FALSE,FALSE,15,
70,CC68FD1D3Bbbf22,Riley Good,Wade PLC,Erikaville,Canada,697-774-5822,697-774-5822,alex06@galloway.com,2/3/20,http://conway.org/,FALSE,FALSE,15,
71,CBCd2Ac8E3eBDF9,Alexandria Buck,Keller-Coffey,Nicolasfort,Iran,078-900-4760,078-900-4760,lee48@manning.com,2/20/21,https://ramsey.org/,FALSE,FALSE,15,
72,Ef859092FbEcC07,Richard Roth,Conway-Mcbride,New Jasmineshire,Morocco,581-440-6539,581-440-6539,aharper@maddox-townsend.org,2/23/20,https://www.brooks.com/,FALSE,FALSE,15,
73,F560f2d3cDFb618,Candice Keller,Huynh and Sons,East Summerstad,Zimbabwe,927-965-8550,927-965-8550,buckleycory@odonnell.net,8/22/20,https://www.lucero.com/,FALSE,FALSE,15,
74,A3F76Be153Df4a3,Anita Benson,Parrish Ltd,Skinnerport,Russian Federation,874-617-5668,874-617-5668,angie04@oconnell.com,2/9/20,http://oconnor.com/,FALSE,FALSE,15,
75,D01Af0AF7cBbFeA,Regina Stein,Guzman-Brown,Raystad,Solomon Islands,469-848-0724,469-848-0724,zrosario@rojas-hardin.net,1/15/22,http://www.johnston.info/,FALSE,FALSE,15,
76,d40e89dCade7b2F,Debra Riddle,"Chang, Aguirre and Leblanc",Colinhaven,United States Virgin Islands,-6963,-6963,shieldskerry@robles.com,7/11/20,http://kaiser.info/,FALSE,FALSE,15,
77,BF6a1f9bd1bf8DE,Brittany Zuniga,Mason-Hester,West Reginald,Kyrgyz Republic,050-136-9025,050-136-9025,mchandler@cochran-huerta.org,7/24/21,http://www.boyle.com/,FALSE,FALSE,15,
78,FfaeFFbbbf280db,Cassidy Mcmahon,"Mcguire, Huynh and Hopkins",Lake Sherryborough,Myanmar,504-077-1311,504-077-1311,katrinalane@fitzgerald.com,10/21/20,https://hurst.com/,FALSE,FALSE,15,
79,CbAE1d1e9a8dCb1,Laurie Pennington,"Sanchez, Marsh and Hale",Port Katherineville,Dominica,007-155-3406,007-155-3406,cookejill@powell.com,6/8/20,http://www.hebert.com/,FALSE,FALSE,15,
80,A7F85c1DE4dB87f,Alejandro Blair,"Combs, Waller and Durham",Thomasland,Iceland,690-068-4641,690-068-4641,elizabethbarr@ewing.com,9/19/20,https://mercado-blevins.com/,FALSE,FALSE,15,
81,D6CEAfb3BDbaa1A,Leslie Jennings,Blankenship-Arias,Coreybury,Micronesia,629-198-6346,629-198-6346,corey75@wiggins.com,11/13/21,https://www.juarez.com/,FALSE,FALSE,15,
82,Ebdb6F6F7c90b69,Kathleen Mckay,"Coffey, Lamb and Johnson",Lake Janiceton,Saint Vincent and the Grenadines,733-910-9968,733-910-9968,chloelester@higgins-wilkinson.com,9/12/21,http://www.owens-mooney.com/,FALSE,FALSE,15,
83,E8E7e8Cfe516ef0,Hunter Moreno,Fitzpatrick-Lawrence,East Clinton,Isle of Man,733-833-6754,733-833-6754,isaac26@benton-finley.com,12/28/20,http://walls.info/,FALSE,FALSE,15,
84,78C06E9b6B3DF20,Chad Davidson,Garcia-Jimenez,South Joshuashire,Oman,827-570-2958,827-570-2958,justinwalters@jimenez.com,11/15/21,http://www.garner-oliver.com/,FALSE,FALSE,15,
85,03A1E62ADdeb31c,Corey Holt,"Mcdonald, Bird and Ramirez",New Glenda,Fiji,439-242-4986,439-242-4986,maurice46@morgan.com,2/18/22,http://www.watson.com/,FALSE,FALSE,15,
86,C6763c99d0bd16D,Emma Cunningham,Stephens Inc,North Jillianview,New Zealand,128-059-0206,128-059-0206,walter83@juarez.org,5/13/22,http://www.reid.info/,FALSE,FALSE,15,
87,ebe77E5Bf9476CE,Duane Woods,Montoya-Miller,Lyonsberg,Maldives,636-544-7783,636-544-7783,kmercer@wagner.com,7/21/20,http://murray.org/,FALSE,FALSE,15,
88,E4Bbcd8AD81fC5f,Alison Vargas,"Vaughn, Watts and Leach",East Cristinabury,Benin,365-273-8144,365-273-8144,vcantu@norton.com,11/10/20,http://mason.info/,FALSE,FALSE,15,
89,efeb73245CDf1fF,Vernon Kane,Carter-Strickland,Thomasfurt,Yemen,114-854-1159,114-854-1159,hilljesse@barrett.info,4/15/21,http://www.duffy-hensley.net/,FALSE,FALSE,15,
90,37Ec4B395641c1E,Lori Flowers,Decker-Mcknight,North Joeburgh,Namibia,679-415-1210,679-415-1210,tyrone77@valenzuela.info,1/9/21,http://www.deleon-crosby.com/,FALSE,FALSE,15,
91,5ef6d3eefdD43bE,Nina Chavez,Byrd-Campbell,Cassidychester,Bhutan,053-344-3205,053-344-3205,elliserica@frank.com,3/26/20,https://www.pugh.com/,FALSE,FALSE,15,
92,98b3aeDcC3B9FF3,Shane Foley,Rocha-Hart,South Dannymouth,Hungary,-1692,-1692,nsteele@sparks.com,7/6/21,https://www.holt-sparks.com/,FALSE,FALSE,15,
93,aAb6AFc7AfD0fF3,Collin Ayers,Lamb-Peterson,South Lonnie,Anguilla,404-645-5351,404-645-5351,dudleyemily@gonzales.biz,6/29/21,http://www.ruiz.com/,FALSE,FALSE,15,
94,54B5B5Fe9F1B6C5,Sherry Young,"Lee, Lucero and Johnson",Frankchester,Solomon Islands,158-687-1764,158-687-1764,alan79@gates-mclaughlin.com,4/4/21,https://travis.net/,FALSE,FALSE,15,
95,BE91A0bdcA49Bbc,Darrell Douglas,"Newton, Petersen and Mathis",Daisyborough,Mali,084-845-9524,084-845-9524,grayjean@lowery-good.com,2/17/22,https://banks.biz/,FALSE,FALSE,15,
96,cb8E23e48d22Eae,Karl Greer,Carey LLC,East Richard,Guyana,188-169-1674,188-169-1674,hhart@jensen.com,1/30/22,http://hayes-perez.com/,FALSE,FALSE,15,
97,CeD220bdAaCfaDf,Lynn Atkinson,"Ware, Burns and Oneal",New Bradview,Sri Lanka,-3769,-3769,vkemp@ferrell.com,7/10/21,https://novak-allison.com/,FALSE,FALSE,15,
98,28CDbC0dFe4b1Db,Fred Guerra,Schmitt-Jones,Ortegaland,Solomon Islands,-9238,-9238,swagner@kane.org,9/18/21,https://www.ross.com/,FALSE,FALSE,15,
99,c23d1D9EE8DEB0A,Yvonne Farmer,Fitzgerald-Harrell,Lake Elijahview,Aruba,530-311-9786,530-311-9786,mccarthystephen@horn-green.biz,8/11/21,http://watkins.info/,FALSE,FALSE,15,
100,2354a0E336A91A1,Clarence Haynes,"Le, Nash and Cross",Judymouth,Honduras,753-813-6941,753-813-6941,colleen91@faulkner.biz,3/11/20,http://www.hatfield-saunders.net/,FALSE,FALSE,15,
101,b064b654000d0c7,Abbas Sakaguchi,Shannon-Harmon,North York,Canada,991-312-0859,447-581-1695,sakaguchiabbas@email.com,3/27/21,https://curtis-archer.info/,FALSE,FALSE,15,
102,8f204599000fb25,Richard Dorion,Wilkinson Inc,Montreal,Canada,-11069,-3308,dorionrichard@email.com,3/1/21,https://barr.org/,FALSE,FALSE,15,
103,6e772c6a0003fa3,Sanjay Gougeon,Reed-Duffy,Montreal,Canada,855-331-5303,007-978-8023,gougeonsanjay@email.com,11/9/20,https://chaney.info/,FALSE,FALSE,15,
104,8c42ef0a0003d26,Mohamed Wright,"Haynes, Combs and Murillo",Cambridge,Canada,-11458,855-438-3570,wrightmohamed@email.com,5/31/21,https://www.moore.com/,FALSE,FALSE,15,
105,4877c13b000cb87,Marian Roman,Ballard-Wagner,Cambridge,Canada,200-514-1049,664-086-6720,romanmarian@email.com,5/31/21,https://myers.org/,FALSE,FALSE,15,
106,9be731490004e8d,Qasim McDiarmid,Craig-Terrell,Cumberland,Canada,697-793-1252,715-480-1272,mcdiarmidqasim@email.com,12/11/20,https://www.kelly.com/,FALSE,FALSE,15,
107,78a9ad350002729,Anthony Ouellet,Parker-Silva,Mont-Royal,Canada,423-840-8414,-9159,ouelletanthony@email.com,11/16/21,https://www.park.com/,FALSE,FALSE,15,
108,71304407000c007,Bill Luehof,Morgan LLC,North York,Canada,099-650-6578,938-824-8764,luehofbill@email.com,5/31/21,https://waller.com/,FALSE,FALSE,15,
109,acfc9c9e000b9f1,Tony Allaire,"Allison, Ward and Lynn",St Bonaventure,Canada,462-834-1009,-7541,allairetony@email.com,3/31/21,https://www.sanford.info/,FALSE,FALSE,15,
110,fe74bf20000e4b5,Luc Kither,"Andersen, Gaines and Norman",ARMADALE,Australia,121-069-7901,012-717-5375,kitherluc@email.com,11/30/21,https://ellison-cobb.com/,FALSE,FALSE,15,
111,a6f458f40006738,Christian Allison,"Marshall, Warren and Holloway",Oakville,Canada,769-024-8085,959-534-1765,allisonchristian@email.com,4/5/21,https://gonzales.com/,FALSE,FALSE,15,
112,b6af85b2000be7e,Ioan Foo,Estes Ltd,Singapore 548241,Singapore,077-521-8857,491-663-4316,fooioan@email.com,12/31/20,https://lester.net/,FALSE,FALSE,15,
113,01d2b56b000a84e,Mohammed Rasko,Fuller Ltd,Edmonton,Canada,338-335-9171,-4123,raskomohammed@email.com,8/17/21,https://hardin.net/,FALSE,FALSE,15,
114,68fb74080005de9,Henry Johnston,"Werner, Best and Hurley",Guelph,Canada,017-947-6945,952-225-1045,johnstonhenry@email.com,3/6/21,https://bartlett.com/,FALSE,FALSE,15,
115,2f348e4f000b3b6,Maureen Fleming,"Rogers, Boyle and Farmer",Calgary,Canada,815-925-7175,616-615-9255,flemingmaureen@email.com,7/29/21,https://stephens.net/,FALSE,FALSE,15,
116,773092ed000ec8d,Michael Tseng,Gonzalez-Hurley,Hsin-Chu 300,Taiwan,-5936,296-634-2399,tsengmichael@email.com,12/8/21,https://www.mayo.com/,FALSE,FALSE,15,
117,efea795d000883a,Michael Longley,Johnson Ltd,Newmarket,Canada,156-633-3743,549-475-9969,longleymichael@email.com,10/31/21,https://wood.org/,FALSE,FALSE,15,
118,369dcade0006a5b,Adil Frank,Dougherty LLC,D-97502 Euerbach,Germany,603-991-6573,566-074-0373,frankadil@email.com,4/24/21,https://www.goodman.com/,FALSE,FALSE,15,
119,0324f5ae0007843,Vanel Arbuthnot,Lamb LLC,Toronto,Canada,627-385-1633,118-872-5638,arbuthnotvanel@email.com,11/10/20,https://www.mills.com/,FALSE,FALSE,15,
120,58f87b240007bfe,Lee Blackwell,Osborne Ltd,Ottawa,Canada,046-751-3833,323-710-2957,blackwelllee@email.com,12/3/20,https://perkins.net/,FALSE,FALSE,15,
121,abbf8d7800026df,Tania Green,Price-Benton,Brockville,Canada,785-672-9623,350-407-8640,greentania@email.com,12/31/21,https://www.jenkins-harrison.net/,FALSE,FALSE,15,
122,7fb97d0f00057a4,Ron Dickinson,"Reynolds, Curtis and Lamb",300191 Tianjin,China,928-124-3993,999-745-4235,dickinsonron@email.com,8/2/21,https://gallagher-ellison.biz/,FALSE,FALSE,15,
123,54174b7a000632b,Elizabeth Townsend,Horne and Sons,Surrey,Canada,110-119-5793,564-069-5663,townsendelizabeth@email.com,5/31/21,https://knapp-mcpherson.com/,FALSE,FALSE,15,
124,d4b9e3dc000e52f,Danielle Soong,"Kaufman, Rangel and Beck",Thornhill,Canada,319-180-7553,070-231-7216,soongdanielle@email.com,9/30/21,https://humphrey.com/,FALSE,FALSE,15,
125,a8e589d20008b62,Richard Boswell,Vega Ltd,Sandton,South Africa,451-227-6682,624-936-0823,boswellrichard@email.com,4/30/21,https://kent.biz/,FALSE,FALSE,15,
126,7e4cbed1000ad98,Donald Maille,Blankenship Group,Montreal,Canada,297-402-3698,385-207-6147,mailledonald@email.com,6/28/21,https://www.pacheco-hodges.org/,FALSE,FALSE,15,
127,302c60f6000f777,Jean-Marc Bowers,Colon-Drake,Walkerton,Canada,918-645-0324,196-586-9447,bowersjean-marc@email.com,9/30/21,https://www.serrano-lang.biz/,FALSE,FALSE,15,
128,7a2b9d660007f70,Peter Roberge,Rollins Ltd,Pointe-Claire,Canada,659-811-0503,830-120-2630,robergepeter@email.com,6/30/21,https://www.soto-rocha.com/,FALSE,FALSE,15,
129,6b020ac9000d295,Ferdinando Newton,"Malone, Rowland and Bullock",Roseneath,Canada,603-418-3398,489-980-5927,newtonferdinando@email.com,7/17/21,https://guerrero-horne.com/,FALSE,FALSE,15,
130,90d5d84a000a9fa,Peter Cornelissen,Townsend-Weber,London,Canada,479-559-6654,834-594-5128,cornelissenpeter@email.com,11/16/21,https://mcintosh-bishop.com/,FALSE,FALSE,15,
131,d57793a90005674,Shellie Beaudoin,Spears LLC,Boucherville,Canada,-7623,273-443-5672,beaudoinshellie@email.com,12/15/20,https://www.underwood.com/,FALSE,FALSE,15,
132,9f90f984000cef7,Srikanth Cowan,Holmes-Walls,Toronto,Canada,575-959-4454,913-040-5595,cowansrikanth@email.com,12/18/21,https://www.dean.biz/,FALSE,FALSE,15,
133,d16cf19e00015f8,Roger Companys,Huynh-Phillips,08029 Barcelona,Spain,397-504-3967,400-296-8618,companysroger@email.com,5/31/21,https://www.dalton.com/,FALSE,FALSE,15,
134,f9fd69df000aed4,Don Gloutnay,Cohen-Henderson,La Prairie,Canada,870-417-5661,793-402-5061,gloutnaydon@email.com,10/31/21,https://lynn.com/,FALSE,FALSE,15,
135,fe3e6a58000fcc6,Mohammed Tardi,Bowen Inc,Coquitlam,Canada,366-661-5271,785-359-4718,tardimohammed@email.com,9/19/21,https://brown.biz/,FALSE,FALSE,15,
136,18edcec00003269,Michael Alonso,"Hogan, Rice and Roy",28036 MADRID,Spain,380-617-7801,114-259-4382,alonsomichael@email.com,3/13/21,https://www.cooke.com/,FALSE,FALSE,15,
137,8c51e5db0008534,Charles Legentil,Farrell-Bryan,Saint-Laurent,Canada,061-967-9081,-3470,legentilcharles@email.com,6/30/21,https://zamora-ross.org/,FALSE,FALSE,15,
138,ac892dbe000ee74,Gordon Fielenbach,Boyer-Hart,D-79713 Bad Saeckingen,Germany,079-417-9763,-9967,fielenbachgordon@email.com,6/30/21,https://estes.com/,FALSE,FALSE,15,
139,590a19570000010,Robert Verwoerd,Glover-Roberts,6644 AZ Ewijk,Netherlands,236-969-0967,632-797-8496,verwoerdrobert@email.com,3/14/21,https://www.anthony-davis.info/,FALSE,FALSE,15,
140,b04054560006db3,J Clark Bruns,Mckenzie-Simon,Cambridge,Canada,504-650-1379,471-229-8657,brunsj clark@email.com,5/31/21,https://www.barry.com/,FALSE,FALSE,15,
141,705341970006f48,Eriks Desbiens,"Booker, Castillo and Beck",Chateauguay,Canada,996-187-8214,052-968-8180,desbienseriks@email.com,3/31/21,https://www.gutierrez.com/,FALSE,FALSE,15,
142,1b604a8b0002fb6,Bernard Landry,Mercer-Booth,Montreal,Canada,907-325-7885,762-711-5467,landrybernard@email.com,6/30/21,https://www.wyatt.com/,FALSE,FALSE,15,
143,e1c1b7fc000bcea,Claude Murphy,Thompson-Fritz,Mississauga,Canada,499-678-2793,516-823-2327,murphyclaude@email.com,1/31/21,https://www.velasquez-white.org/,FALSE,FALSE,15,
144,b46be563000ba6e,Luc L'Abbe,"Fleming, Zamora and Graham",Laval,Canada,333-046-0351,-1988,labbeluc@email.com,10/1/21,https://www.owen.org/,FALSE,FALSE,15,
145,a7867161000d7b9,Jan Bickle,Tanner-Richards,Ajax,Canada,678-518-4984,875-641-0333,bicklejan@email.com,10/31/21,https://www.richard-horne.biz/,FALSE,FALSE,15,
146,5e2b41630007b9f,Allen Gravel,Navarro-Payne,Montreal,Canada,662-590-1788,143-161-4985,gravelallen@email.com,5/14/21,https://www.matthews-ware.com/,FALSE,FALSE,15,
147,47b731e5000c309,Wally Beaudoin,Conrad-Hanson,Saint-Laurent,Canada,815-244-2002,621-270-9355,beaudoinwally@email.com,2/17/21,https://www.donaldson-vega.com/,FALSE,FALSE,15,
148,43d161c30005156,John Livingstone,Bernard and Sons,Kentville,Canada,256-921-9316,530-747-6571,livingstonejohn@email.com,8/22/21,https://www.barron.com/,FALSE,FALSE,15,
149,ad443b6b0006328,Geoff Dusome,"Rodgers, Bullock and Daniels",Winnipeg,Canada,159-547-6407,166-934-2168,dusomegeoff@email.com,10/31/21,https://colon.com/,FALSE,FALSE,15,
150,7726b297000c3a8,Roshni Sauter Miller,"Schaefer, Hobbs and Wells",1000 San Jose,Costa Rica,912-173-7608,126-581-3225,sauter millerroshni@email.com,10/30/21,https://fritz-alexander.org/,FALSE,FALSE,15,
151,0b42f86100030c9,David Silva,Blackwell-Randall,6219 NT MAASSTRICHT,Netherlands,396-483-1471,-7165,silvadavid@email.com,10/31/21,https://randolph-kane.biz/,FALSE,FALSE,15,
152,c058d60f000cd82,Brian Bergkamp,Perry and Sons,5685 BC BEST,Netherlands,241-537-5263,-4117,bergkampbrian@email.com,7/24/21,https://murray.com/,FALSE,FALSE,15,
153,7840d7d90003bd0,Dean Daamen,"Fleming, Johns and Morrow",3823 DP AMERSFOORT,Netherlands,807-797-8740,005-389-4368,daamendean@email.com,7/15/21,https://www.lin-flowers.com/,FALSE,FALSE,15,
154,16e31c83000dc65,Lester Bechte,Ingram-Murphy,30459 Hannover,Germany,159-731-3544,752-880-9590,bechtelester@email.com,12/15/20,https://booth.com/,FALSE,FALSE,15,
155,ec70ab490009d79,Reinaldo Meyers,"Parsons, Kerr and Robbins",Dhahran,Saudi Arabia,020-378-7777,551-426-3999,meyersreinaldo@email.com,9/19/21,https://www.austin.com/,FALSE,FALSE,15,
156,f4fa929f000595c,Linda Peddie-Vasquez,"Ali, Woodward and Woodard",Orangeville,Canada,776-325-2657,793-131-4867,peddie-vasquezlinda@email.com,2/27/21,https://www.ayers-jensen.com/,FALSE,FALSE,15,
157,f3364c6b0007f80,Leigh Remecki,"Galloway, Owen and Ibarra",Mirabel,Canada,981-851-6829,443-349-2802,remeckileigh@email.com,5/31/21,https://castillo.com/,FALSE,FALSE,15,
158,895b7d3b0002dcd,Cornelis Wesenberg,Zamora and Sons,Ottawa,Canada,578-124-7689,069-988-0883,wesenbergcornelis@email.com,11/30/20,https://moon-parsons.com/,FALSE,FALSE,15,
159,43751001000d01d,Alan Kaufman,Francis-Kline,Kitchener,Canada,773-187-1234,070-346-3476,kaufmanalan@email.com,1/8/21,https://hooper-humphrey.com/,FALSE,FALSE,15,
160,053ffabc0000260,John Enns,Jones and Sons,Calgary,Canada,219-079-3350,659-301-1825,ennsjohn@email.com,4/24/21,https://www.waller.com/,FALSE,FALSE,15,
161,f97208a900077b5,Haruki Myers,Montoya PLC,Mississauga,Canada,795-178-9635,470-901-6154,myersharuki@email.com,6/30/21,https://www.rosario.com/,FALSE,FALSE,15,
162,da3fd9e7000915d,Phillipe Homburg,Pugh-Odom,4002 GB TIEL,Netherlands,803-568-5156,534-578-6289,homburgphillipe@email.com,5/16/21,https://lawrence.biz/,FALSE,FALSE,15,
163,6436358e000fe33,Donald Ulmer,Rhodes-Carter,Kanata,Canada,575-649-9602,749-695-2828,ulmerdonald@email.com,1/4/21,https://kirk.org/,FALSE,FALSE,15,
164,ebe5bb780000000,Andre Alarie,Estrada-Atkins,Saint-Romuald,Canada,797-490-4550,930-650-3473,alarieandre@email.com,10/10/21,https://www.boone.com/,FALSE,FALSE,15,
165,d2006eaf0000c5f,Ellen Francis,Chan Ltd,Burnaby,Canada,174-469-3483,603-374-1226,francisellen@email.com,11/30/21,https://www.hess.net/,FALSE,FALSE,15,
166,d5ce614e0005516,Ramon Drolet,Harrell PLC,Saint-Francois-de-la-Rivere-du-Sud,Canada,073-458-6092,943-404-0481,droletramon@email.com,1/27/21,https://frazier-stephenson.org/,FALSE,FALSE,15,
167,4f259074000e3fb,Pierre Belley,Mayer PLC,Montreal,Canada,220-915-3707,760-365-3897,belleypierre@email.com,4/30/21,https://nixon.com/,FALSE,FALSE,15,
168,28458c740000306,Ron Zimmermann,"Bautista, Blevins and Joyce",Chateauguay,Canada,134-470-3456,-8151,zimmermannron@email.com,8/26/21,https://bean.net/,FALSE,FALSE,15,
169,b30f881900025c9,Francisco Aaram,Mercer and Sons,1346 GJETTUM,Norway,337-643-5663,182-859-7395,aaramfrancisco@email.com,1/31/21,https://www.nixon.com/,FALSE,FALSE,15,
170,e77e8f15000c2d7,Bruce Broker,Cardenas-Carney,5627 HC Eindhoven,Netherlands,437-970-3543,-8347,brokerbruce@email.com,3/14/21,https://blackwell-stout.net/,FALSE,FALSE,15,
171,164d1606000692a,Garry Mercure,Garrett-Gallagher,Pierrefond,Canada,408-278-0968,526-729-4712,mercuregarry@email.com,3/1/21,https://www.ruiz.com/,FALSE,FALSE,15,
172,e50c2705000de41,Howard Paquin,"Keith, Howard and Hawkins",Ottawa,Canada,156-363-2974,101-514-2162,paquinhoward@email.com,6/12/21,https://www.livingston.com/,FALSE,FALSE,15,
173,25ae7f65000430e,Hamid Hoon,Huber-Castro,SINGAPORE,Singapore,632-700-4999,375-954-4398,hoonhamid@email.com,6/28/21,https://www.atkinson.net/,FALSE,FALSE,15,
174,f8971383000d879,Marie Cook,Rose Ltd,Vancouver,Canada,499-415-9248,-8133,cookmarie@email.com,4/30/21,https://www.glover.org/,FALSE,FALSE,15,
175,14d5e20e00036a7,Robert Faccone,Gentry-Waters,Dorval,Canada,894-188-0945,819-808-7937,facconerobert@email.com,6/30/21,https://jimenez.net/,FALSE,FALSE,15,
176,c82b392f0005d9a,Dave Wadsworth,Fisher PLC,Toronto,Canada,744-078-1419,463-492-5230,wadsworthdave@email.com,10/22/21,https://coffey.net/,FALSE,FALSE,15,
177,4e2163ec0008d0e,Ross Di Mario,"Thompson, Sellers and Lloyd",Stittsville,Canada,-5013,467-716-8716,di marioross@email.com,4/30/21,https://fernandez.com/,FALSE,FALSE,15,
178,e2020c350002f71,John Hickey,"Rice, Gould and Mccall",Port Colborne,Canada,4682694682,655-716-4940,hickeyjohn@email.com,10/31/21,https://www.phillips.info/,FALSE,FALSE,15,
179,2491bf8b000773a,Wilhelm Shipley,Cordova Group,Elmira,Canada,725-960-3587,611-044-7130,shipleywilhelm@email.com,11/17/21,https://www.jenkins-krueger.info/,FALSE,FALSE,15,
180,ba03e148000be25,David Desjardins,Kramer-Parsons,Mont-Royal,Canada,836-038-9393,691-674-8671,desjardinsdavid@email.com,3/19/21,https://www.carr.org/,FALSE,FALSE,15,
181,c807fc6d0001d03,Brent McAllister,Rice LLC,Niagara Falls,Canada,841-483-3064,274-619-0114,mcallisterbrent@email.com,3/2/21,https://monroe.info/,FALSE,FALSE,15,
,,,,,,,,,,,,,,